-- Adminer 4.6.3 MySQL dump

SET NAMES utf8;
SET time_zone = '+00:00';
SET foreign_key_checks = 0;
SET sql_mode = 'NO_AUTO_VALUE_ON_ZERO';

DROP TABLE IF EXISTS `city`;
CREATE TABLE `city` (
  `id` int(11) NOT NULL AUTO_INCREMENT,
  `dty` varchar(45) DEFAULT NULL,
  `area_code` varchar(45) DEFAULT NULL,
  `name` varchar(45) NOT NULL,
  `description` text,
  `slug` varchar(255) NOT NULL,
  `weight` int(11) NOT NULL DEFAULT '10',
  `province_id` int(11) NOT NULL,
  PRIMARY KEY (`id`),
  UNIQUE KEY `slug` (`slug`),
  KEY `fk_city_province` (`province_id`),
  KEY `area_code` (`area_code`),
  FULLTEXT KEY `city_search` (`name`),
  CONSTRAINT `city_ibfk_1` FOREIGN KEY (`province_id`) REFERENCES `province` (`id`) ON DELETE NO ACTION ON UPDATE NO ACTION
) ENGINE=InnoDB DEFAULT CHARSET=utf8;

INSERT INTO `city` (`id`, `dty`, `area_code`, `name`, `description`, `slug`, `weight`, `province_id`) VALUES
(1,	'3301',	'0967',	'Abepura',	NULL,	'abepura',	10,	25),
(2,	'C401',	'0283',	'Adiwerna',	'',	'adiwerna',	10,	10),
(3,	'O301',	'0624',	'Aekanopan',	'',	'aekanopan',	10,	33),
(4,	'O312',	'0624',	'Aekgoti',	'',	'aekgoti',	10,	33),
(5,	'O311',	'0624',	'Aekkotabatu',	'',	'aekkotabatu',	10,	33),
(6,	'O302',	'0624',	'Aeknabara',	'',	'aeknabara',	10,	33),
(7,	'3503',	'0902',	'Agats',	'',	'agats',	10,	25),
(8,	'R101',	'0431',	'Airmadidi',	'',	'airmadidi',	10,	30),
(9,	'W201',	'0769',	'Airmolek',	'',	'airmolek',	10,	26),
(10,	'C308',	'0281',	'Ajibarang',	'',	'ajibarang',	10,	10),
(11,	'Y301',	'0755',	'Alahanpanjang',	'',	'alahanpanjang',	10,	31),
(12,	'J509',	'0372',	'Alas',	'',	'alas',	10,	21),
(13,	'H101',	'0298',	'Ambarawa',	'',	'ambarawa',	10,	10),
(14,	'4100',	'0911',	'Ambon',	'',	'ambon',	10,	18),
(15,	'E301',	'0336',	'Ambulu',	'',	'ambulu',	10,	11),
(16,	'7213',	'0328',	'Ambunten',	'',	'ambunten',	10,	11),
(17,	'S101',	'0363',	'Amlapura',	'',	'amlapura',	10,	1),
(18,	'L416',	'0522',	'Ampah',	'',	'ampah',	10,	13),
(19,	'U501',	'0464',	'Ampana',	'',	'ampana',	10,	28),
(20,	'T217',	'0341',	'Ampelgading',	'',	'ampelgading',	10,	11),
(21,	'L401',	'0527',	'Amuntai',	'',	'amuntai',	10,	13),
(22,	'R102',	'0430',	'Amurang',	'',	'amurang',	10,	30),
(23,	'I201',	'0737',	'Argamakmur',	'',	'argamakmur',	10,	4),
(24,	'E311',	'0331',	'Arjasa',	'',	'arjasa',	10,	11),
(25,	'7210',	'0327',	'Arjasakangean',	'',	'arjasakangean',	10,	11),
(26,	'F101',	'0231',	'Arjawinangun',	'',	'arjawinangun',	10,	9),
(27,	'P336',	'0357',	'Arjosari',	'',	'arjosari',	10,	11),
(28,	'7209',	'031',	'Arosbaya',	'',	'arosbaya',	10,	11),
(29,	'E601',	'0338',	'Asembagus',	'',	'asembagus',	10,	11),
(30,	'J401',	'0389',	'Atambua',	'',	'atambua',	10,	22),
(31,	'J402',	'0380',	'Baa',	'',	'baa',	10,	22),
(32,	'D107',	'0322',	'Babad',	'',	'babad',	10,	11),
(33,	'P101',	'0322',	'Babad',	'',	'babad-1',	10,	11),
(34,	'3504',	'0974',	'Bade',	'',	'bade',	10,	25),
(35,	'W105',	'0765',	'Bagan Batu',	'',	'bagan-batu',	10,	26),
(36,	'W103',	'0767',	'Bagansiapi-Api',	'',	'bagansiapi-api',	10,	26),
(37,	'J412',	'0384',	'Bajawa',	'',	'bajawa',	10,	22),
(38,	'M112',	'0657',	'Bakongan',	'',	'bakongan',	10,	20),
(39,	'L317',	'0564',	'Balaikarangan',	'',	'balaikarangan',	10,	12),
(40,	'Y101',	'0757',	'Balaiselasa',	'',	'balaiselasa',	10,	31),
(41,	'C402',	'0283',	'Balapulang',	'',	'balapulang',	10,	10),
(42,	'O401',	'0632',	'Balige',	'',	'balige',	10,	33),
(43,	'L100',	'0542',	'Balikpapan',	'',	'balikpapan',	20,	15),
(44,	'F118',	'0234',	'Balongan',	'',	'balongan',	10,	9),
(45,	'E302',	'0336',	'Balung',	'',	'balung',	10,	11),
(46,	'D106',	'031',	'Balung Panggang',	'',	'balung-panggang',	10,	11),
(47,	'P110',	'0356',	'Bancar',	'',	'bancar',	10,	11),
(48,	'M100',	'0651',	'Banda Aceh',	'',	'banda-aceh',	10,	20),
(49,	'4103',	'0910',	'Bandaneira',	'',	'bandaneira',	10,	18),
(50,	'P331',	'0357',	'Bandar',	'',	'bandar',	10,	11),
(51,	'O109',	'0628',	'Bandarbaru',	'',	'bandarbaru',	10,	33),
(52,	'O310',	'0624',	'Bandardurian',	'',	'bandardurian',	10,	33),
(53,	'V209',	'0725',	'Bandarjaya',	'',	'bandarjaya',	10,	17),
(54,	'V200',	'0721',	'Bandarlampung',	'',	'bandarlampung',	10,	17),
(55,	'C201',	'0285',	'Bandarsedayu',	'',	'bandarsedayu',	10,	10),
(56,	'B100',	'022',	'Bandung',	'',	'bandung',	20,	9),
(57,	'U201',	'0462',	'Banggai',	'',	'banggai',	10,	28),
(58,	'T301',	'0343',	'Bangil',	'',	'bangil',	10,	11),
(59,	'7201',	'031',	'Bangkalan',	'',	'bangkalan',	10,	11),
(60,	'W202',	'0762',	'Bangkinang',	'',	'bangkinang',	10,	26),
(61,	'I301',	'0746',	'Bangko',	'',	'bangko',	10,	8),
(62,	'Z600',	'B\'kok',	'Bangkok',	'',	'bangkok',	10,	34),
(63,	'S102',	'0366',	'Bangli',	'',	'bangli',	10,	1),
(64,	'C601',	'0291',	'Bangsri',	'',	'bangsri',	10,	10),
(65,	'K301',	'0265',	'Banjar',	'',	'banjar',	10,	9),
(66,	'B101',	'022',	'Banjaran',	'',	'banjaran',	10,	9),
(67,	'L402',	'0511',	'Banjarbaru',	'',	'banjarbaru',	10,	13),
(68,	'L400',	'0511',	'Banjarmasin',	'',	'banjarmasin',	10,	13),
(69,	'C301',	'0286',	'Banjarnegara',	'',	'banjarnegara',	10,	10),
(70,	'K302',	'0265',	'Banjarsari',	'',	'banjarsari',	10,	9),
(71,	'N101',	'0413',	'Bantaeng',	'',	'bantaeng',	10,	27),
(72,	'G104',	'0274',	'Bantul',	'',	'bantul',	10,	5),
(73,	'T218',	'0341',	'Bantur',	'',	'bantur',	10,	11),
(74,	'C302',	'0281',	'Banyumas',	'',	'banyumas',	10,	10),
(75,	'E100',	'0333',	'Banyuwangi',	'',	'banyuwangi',	10,	11),
(76,	'L403',	'0517',	'Barabai',	'',	'barabai',	10,	13),
(77,	'N201',	'0427',	'Barru',	'',	'barru',	10,	27),
(78,	'W300',	'0778',	'Batam',	'',	'batam',	10,	16),
(79,	'C202',	'0285',	'Batang',	'',	'batang',	10,	10),
(80,	'7215',	'0328',	'Batang-Batang',	'',	'batang-batang',	10,	11),
(81,	'O402',	'0634',	'Batangtoru',	'',	'batangtoru',	10,	33),
(82,	'T201',	'0341',	'Batu',	'',	'batu',	10,	11),
(83,	'B120',	'022',	'Batujajar',	'',	'batujajar',	10,	9),
(84,	'I100',	'0735',	'Baturaja',	'',	'baturaja',	10,	32),
(85,	'G201',	'0273',	'Baturetno',	'',	'baturetno',	10,	10),
(86,	'S103',	'0368',	'Baturiti',	'',	'baturiti',	10,	1),
(87,	'Y201',	'0752',	'Batusangkar',	'',	'batusangkar',	10,	31),
(88,	'U101',	'0402',	'Bau-Bau',	'',	'bau-bau',	10,	29),
(89,	'D103',	'0325',	'Bawean',	'',	'bawean',	10,	11),
(90,	'K707',	'0252',	'Bayah',	'',	'bayah',	10,	9),
(91,	'T302',	'0343',	'Beji',	'',	'beji',	10,	11),
(92,	'A101',	'021',	'Bekasi',	'',	'bekasi',	40,	9),
(93,	'X101',	'061',	'Belawan',	'',	'belawan',	10,	33),
(94,	'I507',	'0715',	'Belinyu',	'',	'belinyu',	10,	32),
(95,	'I101',	'0735',	'Belitang',	'',	'belitang',	10,	32),
(96,	'E101',	'0333',	'Benculuk',	'',	'benculuk',	10,	11),
(97,	'W101',	'0766',	'Bengkalis',	'',	'bengkalis',	10,	26),
(98,	'L301',	'0562',	'Bengkayang',	'',	'bengkayang',	10,	12),
(99,	'I200',	'0736',	'Bengkulu',	'',	'bengkulu',	10,	4),
(100,	'R109',	'0432',	'Beo',	'',	'beo',	10,	30),
(101,	'P324',	'0351',	'Beringin',	'',	'beringin',	10,	11),
(102,	'E602',	'0338',	'Besuki',	'',	'besuki',	10,	11),
(103,	'V105',	'0711',	'Betung',	'',	'betung',	10,	32),
(104,	'M101',	'0653',	'Beureuneun',	'',	'beureuneun',	10,	20),
(105,	'3100',	'0981',	'Biak',	'',	'biak',	10,	24),
(106,	'J504',	'0374',	'Bima',	'',	'bima',	10,	21),
(107,	'T106',	'0342',	'Binangun',	'',	'binangun',	10,	11),
(108,	'X102',	'061',	'Binjai',	'',	'binjai',	10,	33),
(109,	'W301',	'0765',	'Bintan',	'',	'bintan',	10,	26),
(110,	'I202',	'0739',	'Bintuhan',	'',	'bintuhan',	10,	4),
(111,	'3401',	'0955',	'Bintuni',	'',	'bintuni',	10,	23),
(112,	'M301',	'0644',	'Bireuen',	'',	'bireuen',	10,	20),
(113,	'R103',	'0438',	'Bitung',	'',	'bitung',	10,	30),
(114,	'V213',	'0723',	'Blambangan Umpu',	'',	'blambangan-umpu',	10,	17),
(115,	'O101',	'0642',	'Blangkejeren',	'',	'blangkejeren',	10,	20),
(116,	'M113',	'0659',	'Blangpidie',	'',	'blangpidie',	10,	20),
(117,	'7207',	'031',	'Blega',	'',	'blega',	10,	11),
(118,	'T100',	'0342',	'Blitar',	'',	'blitar',	10,	11),
(119,	'C801',	'0296',	'Blora',	'',	'blora',	10,	10),
(120,	'C305',	'0281',	'Bobotsari',	'',	'bobotsari',	10,	10),
(121,	'Q100',	'0251',	'Bogor',	'',	'bogor',	30,	9),
(122,	'H102',	'0294',	'Boja',	'',	'boja',	10,	10),
(123,	'P100',	'0353',	'Bojonegoro',	'',	'bojonegoro',	10,	11),
(124,	'K201',	'0266',	'Bojonglopang',	'',	'bojonglopang',	10,	9),
(125,	'E200',	'0332',	'Bondowoso',	'',	'bondowoso',	10,	11),
(126,	'L202',	'0548',	'Bontang',	'',	'bontang',	10,	15),
(127,	'G202',	'0276',	'Boyolali',	'',	'boyolali',	10,	10),
(128,	'O102',	'0628',	'Brastagi',	'',	'brastagi',	10,	33),
(129,	'C403',	'0283',	'Brebes',	'',	'brebes',	10,	10),
(130,	'D108',	'0322',	'Brondong',	'',	'brondong',	10,	11),
(131,	'P102',	'0322',	'Brondong',	'',	'brondong-1',	10,	11),
(132,	'Z300',	'Brunei',	'Brunei',	'',	'brunei',	10,	34),
(133,	'P112',	'0353',	'Bubulan',	'',	'bubulan',	10,	11),
(134,	'V212',	'0724',	'Bukit Kemuning',	'',	'bukit-kemuning',	10,	17),
(135,	'Y200',	'0752',	'Bukittinggi',	'',	'bukittinggi',	10,	31),
(136,	'4107',	'0915',	'Bula',	'',	'bula',	10,	18),
(137,	'N102',	'0413',	'Bulukumba',	'',	'bulukumba',	10,	27),
(138,	'T202',	'0341',	'Bululawang',	'',	'bululawang',	10,	11),
(139,	'C404',	'0289',	'Bumiayu',	'',	'bumiayu',	10,	10),
(140,	'U202',	'0463',	'Bunta',	'',	'bunta',	10,	28),
(141,	'L404',	'0525',	'Buntok',	'',	'buntok',	10,	14),
(142,	'U307',	'0445',	'Buol',	'',	'buol',	10,	28),
(143,	'T214',	'0341',	'Buring',	'',	'buring',	10,	11),
(144,	'M114',	'0654',	'Calang',	'',	'calang',	10,	20),
(145,	'J403',	'0380',	'Camplong',	'',	'camplong',	10,	22),
(146,	'P401',	'0355',	'Campurdarat',	'',	'campurdarat',	10,	11),
(147,	'C712',	'0293',	'Candimulyo',	'',	'candimulyo',	10,	10),
(148,	'Y209',	'0752',	'Candung',	'',	'candung',	10,	31),
(149,	'N217',	'0484',	'Cangadi',	'',	'cangadi',	10,	27),
(150,	'P301',	'0351',	'Caruban',	'',	'caruban',	10,	11),
(151,	'C800',	'0296',	'Cepu',	'',	'cepu',	10,	10),
(152,	'D101',	'031',	'Cerme',	'',	'cerme',	10,	11),
(153,	'K303',	'0265',	'Ciamis',	'',	'ciamis',	10,	9),
(154,	'K600',	'0263',	'Cianjur',	'',	'cianjur',	10,	9),
(155,	'K802',	'0260',	'Ciasem',	'',	'ciasem',	10,	9),
(156,	'K308',	'0265',	'Ciawi',	'',	'ciawi',	10,	9),
(157,	'K202',	'0266',	'Cibadak',	'',	'cibadak',	10,	9),
(158,	'K304',	'0265',	'Cibalong',	'',	'cibalong',	10,	9),
(159,	'K501',	'0262',	'Cibatu',	'',	'cibatu',	10,	9),
(160,	'K601',	'0263',	'Cibeber',	'',	'cibeber',	10,	9),
(161,	'A102',	'021',	'Cibinong',	'',	'cibinong',	10,	9),
(162,	'B102',	'022',	'Cicalengka',	'',	'cicalengka',	10,	9),
(163,	'K203',	'0266',	'Cicurug',	'',	'cicurug',	10,	9),
(164,	'K502',	'0262',	'Cikajang',	'',	'cikajang',	10,	9),
(165,	'K602',	'0263',	'Cikalongkulon',	'',	'cikalongkulon',	10,	9),
(166,	'B103',	'022',	'Cikalongwetan',	'',	'cikalongwetan',	10,	9),
(167,	'K204',	'0266',	'Cikembang',	'',	'cikembang',	10,	9),
(168,	'F116',	'0233',	'Cikijing',	'',	'cikijing',	10,	9),
(169,	'C500',	'0282',	'Cilacap',	'',	'cilacap',	10,	10),
(170,	'K101',	'0254',	'Cilegon',	'',	'cilegon',	10,	3),
(171,	'C307',	'0281',	'Cilongok',	'',	'cilongok',	10,	10),
(172,	'B104',	'022',	'Cimahi',	'',	'cimahi',	10,	9),
(173,	'K209',	'0266',	'Cimangkok',	'',	'cimangkok',	10,	9),
(174,	'B119',	'022',	'Cipatat',	'',	'cipatat',	10,	9),
(175,	'K603',	'0263',	'Ciranjang',	'',	'ciranjang',	10,	9),
(176,	'F100',	'0231',	'Cirebon',	'',	'cirebon',	10,	9),
(177,	'K503',	'0262',	'Cisompet',	'',	'cisompet',	10,	9),
(178,	'B105',	'022',	'Ciwidey',	'',	'ciwidey',	10,	9),
(179,	'C203',	'0285',	'Comal',	'',	'comal',	10,	10),
(180,	'I203',	'0732',	'Curup',	'',	'curup',	10,	4),
(181,	'W401',	'0776',	'Dabosingkep',	'',	'dabosingkep',	10,	16),
(182,	'T203',	'0341',	'Dampit',	'',	'dampit',	10,	11),
(183,	'Z400',	'8',	'Darwin',	'',	'darwin',	10,	34),
(184,	'G203',	'0272',	'Delangu',	'',	'delangu',	10,	10),
(185,	'C602',	'0291',	'Demak',	'',	'demak',	10,	10),
(186,	'S100',	'0361',	'Denpasar',	'',	'denpasar',	20,	1),
(187,	'A103',	'021',	'Depok',	'',	'depok',	25,	9),
(188,	'7108',	'0321',	'Dlanggu',	'',	'dlanggu',	10,	11),
(189,	'4301',	'0917',	'Dobo',	'',	'dobo',	10,	18),
(190,	'O403',	'0633',	'Dolok Sanggul',	'',	'dolok-sanggul',	10,	33),
(191,	'J505',	'0373',	'Dompu',	'',	'dompu',	10,	21),
(192,	'U301',	'0457',	'Donggala',	'',	'donggala',	10,	28),
(193,	'T219',	'0341',	'Donomulyo',	'',	'donomulyo',	10,	11),
(194,	'D105',	'031',	'Duduk Sampeyan',	'',	'duduk-sampeyan',	10,	11),
(195,	'W100',	'0765',	'Dumai',	'',	'dumai',	10,	26),
(196,	'P402',	'0355',	'Durenan',	'',	'durenan',	10,	11),
(197,	'W102',	'0765',	'Duri',	'',	'duri',	10,	26),
(198,	'4304',	'0916',	'Elat',	'',	'elat',	10,	18),
(199,	'J411',	'0381',	'Ende',	'',	'ende',	10,	22),
(200,	'N203',	'0420',	'Enrekang',	'',	'enrekang',	10,	27),
(201,	'3200',	'0956',	'Fakfak',	'',	'fakfak',	10,	23),
(202,	'X106',	'061',	'Galang',	'',	'galang',	10,	33),
(203,	'4208',	'0924',	'Galela',	'',	'galela',	10,	19),
(204,	'K500',	'0262',	'Garut',	'',	'garut',	10,	9),
(205,	'7305',	'031',	'Gedangan',	'',	'gedangan',	10,	11),
(206,	'V201',	'0721',	'Gedongtataan',	'',	'gedongtataan',	10,	17),
(207,	'P319',	'0351',	'Gemarang',	'',	'gemarang',	10,	11),
(208,	'G211',	'0271',	'Gemolong',	'',	'gemolong',	10,	10),
(209,	'T303',	'0343',	'Gempol',	'',	'gempol',	10,	11),
(210,	'E504',	'0335',	'Gending',	'',	'gending',	10,	11),
(211,	'E102',	'0333',	'Genteng',	'',	'genteng',	10,	11),
(212,	'J501',	'0370',	'Gerung',	'',	'gerung',	10,	21),
(213,	'S104',	'0361',	'Gianyar',	'',	'gianyar',	10,	1),
(214,	'E510',	'0335',	'Gili',	'',	'gili',	10,	11),
(215,	'E103',	'0333',	'Glenmore',	'',	'glenmore',	10,	11),
(216,	'G101',	'0274',	'Godean',	'',	'godean',	10,	5),
(217,	'C603',	'0292',	'Godong',	'',	'godong',	10,	10),
(218,	'C701',	'0287',	'Gombong',	'',	'gombong',	10,	10),
(219,	'P212',	'0358',	'Gondang',	'',	'gondang',	10,	11),
(220,	'T309',	'0343',	'Gondang Wetan',	'',	'gondang-wetan',	10,	11),
(221,	'T204',	'0341',	'Gondanglegi',	'',	'gondanglegi',	10,	11),
(222,	'P302',	'0351',	'Gorang Gareng',	'',	'gorang-gareng',	10,	11),
(223,	'R200',	'0435',	'Gorontalo',	'',	'gorontalo',	10,	7),
(224,	'C714',	'0293',	'Grabag',	'',	'grabag',	10,	10),
(225,	'T304',	'0343',	'Grati',	'',	'grati',	10,	11),
(226,	'D102',	'031',	'Gresik',	'',	'gresik',	10,	11),
(227,	'C604',	'0292',	'Gubug',	'',	'gubug',	10,	10),
(228,	'B106',	'022',	'Gununghalu',	'',	'gununghalu',	10,	9),
(229,	'T215',	'0341',	'Gunungkawi',	'',	'gunungkawi',	10,	11),
(230,	'O404',	'0639',	'Gunungsitoli',	'',	'gunungsitoli',	10,	33),
(231,	'P209',	'0354',	'Gurah',	'',	'gurah',	10,	11),
(232,	'Y210',	'0752',	'Harau',	'',	'harau',	10,	31),
(233,	'F117',	'0234',	'Haur Geulis',	'',	'haur-geulis',	10,	9),
(234,	'Z500',	'Hk',	'Hongkong',	'',	'hongkong',	10,	34),
(235,	'R110',	'0432',	'Hulusiau',	'',	'hulusiau',	10,	30),
(236,	'M201',	'0646',	'Idi',	'',	'idi',	10,	20),
(237,	'Z900',	'India',	'India',	'',	'india',	10,	34),
(238,	'F102',	'0234',	'Indramayu',	'',	'indramayu',	10,	9),
(239,	'I208',	'0737',	'Ipuh',	'',	'ipuh',	10,	4),
(240,	'R204',	'0435',	'Isimu',	'',	'isimu',	10,	7),
(241,	'4205',	'0922',	'Jailolo',	'',	'jailolo',	10,	19),
(242,	'A100',	'021',	'Jakarta',	'',	'jakarta',	50,	6),
(243,	'K806',	'0260',	'Jalan Cagak',	'',	'jalan-cagak',	10,	9),
(244,	'I300',	'0741',	'Jambi',	'',	'jambi',	10,	8),
(245,	'F103',	'0231',	'Jamblang',	'',	'jamblang',	10,	9),
(246,	'K205',	'0266',	'Jampang Kulon',	'',	'jampang-kulon',	10,	9),
(247,	'M102',	'0651',	'Jantho',	'',	'jantho',	10,	20),
(248,	'Z800',	'Japan',	'Japan',	'',	'japan',	10,	34),
(249,	'F104',	'0234',	'Jatibarang',	'',	'jatibarang',	10,	9),
(250,	'P213',	'0358',	'Jatikalen',	'',	'jatikalen',	10,	11),
(251,	'P103',	'0356',	'Jatirogo',	'',	'jatirogo',	10,	11),
(252,	'E401',	'0334',	'Jatiroto',	'',	'jatiroto',	10,	11),
(253,	'F105',	'0233',	'Jatiwangi',	'',	'jatiwangi',	10,	9),
(254,	'3300',	'0967',	'Jayapura',	'',	'jayapura',	10,	25),
(255,	'E300',	'0331',	'Jember',	'',	'jember',	10,	11),
(256,	'P318',	'0352',	'Jenangan',	'',	'jenangan',	10,	11),
(257,	'N103',	'0419',	'Jeneponto',	'',	'jeneponto',	10,	27),
(258,	'E303',	'0331',	'Jenggawah',	'',	'jenggawah',	10,	11),
(259,	'C605',	'0291',	'Jepara',	'',	'jepara',	10,	10),
(260,	'P330',	'0357',	'Jeruk',	'',	'jeruk',	10,	11),
(261,	'M115',	'0655',	'Jeuram',	'',	'jeuram',	10,	20),
(262,	'P317',	'0351',	'Jogorogo',	'',	'jogorogo',	10,	11),
(263,	'7101',	'0321',	'Jombang',	'',	'jombang',	10,	11),
(264,	'C606',	'0295',	'Juwana',	'',	'juwana',	10,	10),
(265,	'O100',	'0628',	'Kabanjahe',	'',	'kabanjahe',	10,	33),
(266,	'F106',	'0233',	'Kadipaten',	'',	'kadipaten',	10,	9),
(267,	'K504',	'0262',	'Kadungora',	'',	'kadungora',	10,	9),
(268,	'3201',	'0957',	'Kaimana',	'',	'kaimana',	10,	23),
(269,	'C208',	'0285',	'Kajen',	'',	'kajen',	10,	10),
(270,	'J404',	'0386',	'Kalabahi',	'',	'kalabahi',	10,	22),
(271,	'K206',	'0266',	'Kalapanunggal',	'',	'kalapanunggal',	10,	9),
(272,	'G102',	'0274',	'Kalasan',	'',	'kalasan',	10,	5),
(273,	'V202',	'0727',	'Kalianda',	'',	'kalianda',	10,	17),
(274,	'E104',	'0333',	'Kalibaru',	'',	'kalibaru',	10,	11),
(275,	'C209',	'0285',	'Kalibening',	'',	'kalibening',	10,	10),
(276,	'P406',	'0355',	'Kalidawir',	'',	'kalidawir',	10,	11),
(277,	'K805',	'0260',	'Kalijati',	'',	'kalijati',	10,	9),
(278,	'E304',	'0331',	'Kalisat',	'',	'kalisat',	10,	11),
(279,	'P111',	'0353',	'Kalitidu',	'',	'kalitidu',	10,	11),
(280,	'7202',	'031',	'Kamal',	'',	'kamal',	10,	11),
(281,	'F121',	'0231',	'Kanci',	'',	'kanci',	10,	9),
(282,	'L405',	'0517',	'Kandangan',	'',	'kandangan',	10,	13),
(283,	'P201',	'0354',	'Kandangan Pare',	'',	'kandangan-pare',	10,	11),
(284,	'F107',	'0234',	'Karangampel',	'',	'karangampel',	10,	9),
(285,	'C702',	'0287',	'Karanganyar',	'',	'karanganyar',	10,	10),
(286,	'G204',	'0271',	'Karanganyarsurakarta',	'',	'karanganyarsurakarta',	10,	10),
(287,	'P325',	'0351',	'Karangjati',	'',	'karangjati',	10,	11),
(288,	'K311',	'0265',	'Karangnunggal',	'',	'karangnunggal',	10,	9),
(289,	'7220',	'0323',	'Karangpenang',	'',	'karangpenang',	10,	11),
(290,	'T213',	'0341',	'Karangploso',	'',	'karangploso',	10,	11),
(291,	'K402',	'0267',	'Karawang',	'',	'karawang',	10,	9),
(292,	'P320',	'0351',	'Kare',	'',	'kare',	10,	11),
(293,	'C611',	'0297',	'Karimunjawa',	'',	'karimunjawa',	10,	10),
(294,	'P113',	'0353',	'Kasiman',	'',	'kasiman',	10,	11),
(295,	'L501',	'0536',	'Kasongan',	'',	'kasongan',	10,	14),
(296,	'K310',	'0265',	'Kawali',	'',	'kawali',	10,	9),
(297,	'Y108',	'0751',	'Kayu Tanam',	'',	'kayu-tanam',	10,	31),
(298,	'V101',	'0712',	'Kayuagung',	'',	'kayuagung',	10,	32),
(299,	'C703',	'0287',	'Kebumen',	'',	'kebumen',	10,	10),
(300,	'P200',	'0354',	'Kediri',	'',	'kediri',	10,	11),
(301,	'P114',	'0353',	'Kedungadem',	'',	'kedungadem',	10,	11),
(302,	'C204',	'0285',	'Kedungwuni',	'',	'kedungwuni',	10,	10),
(303,	'J405',	'0388',	'Kefamenanu',	'',	'kefamenanu',	10,	22),
(304,	'C607',	'0291',	'Keling',	'',	'keling',	10,	10),
(305,	'E305',	'0336',	'Kencong',	'',	'kencong',	10,	11),
(306,	'H103',	'0294',	'Kendal',	'',	'kendal',	10,	10),
(307,	'U100',	'0401',	'Kendari',	'',	'kendari',	10,	28),
(308,	'L302',	'0534',	'Kendawangan',	'',	'kendawangan',	10,	12),
(309,	'I204',	'0732',	'Kepahiang',	'',	'kepahiang',	10,	4),
(310,	'T205',	'0341',	'Kepanjen',	'',	'kepanjen',	10,	11),
(311,	'P115',	'0353',	'Kepuhbaru',	'',	'kepuhbaru',	10,	11),
(312,	'P109',	'0356',	'Kerek',	'',	'kerek',	10,	11),
(313,	'P202',	'0358',	'Kertosono',	'',	'kertosono',	10,	11),
(314,	'T101',	'0342',	'Kesamben',	'',	'kesamben',	10,	11),
(315,	'C405',	'0283',	'Ketanggungan Timur',	'',	'ketanggungan-timur',	10,	10),
(316,	'L303',	'0534',	'Ketapang',	'',	'ketapang',	10,	12),
(317,	'7203',	'0323',	'Ketapang',	'',	'ketapang-1',	10,	11),
(318,	'E111',	'0333',	'Ketapang',	'',	'ketapang-2',	10,	11),
(319,	'W505',	'0765',	'Khairah Mandah',	'',	'khairah-mandah',	10,	26),
(320,	'O202',	'0623',	'Kisaran',	'',	'kisaran',	10,	33),
(321,	'E402',	'0334',	'Klakah',	'',	'klakah',	10,	11),
(322,	'C306',	'0286',	'Klampok',	'',	'klampok',	10,	10),
(323,	'G205',	'0272',	'Klaten',	'',	'klaten',	10,	10),
(324,	'I503',	'0718',	'Koba Palembang',	'',	'koba-palembang',	10,	32),
(325,	'U102',	'0405',	'Kolaka',	'',	'kolaka',	10,	29),
(326,	'U503',	'0465',	'Kolonedale',	'',	'kolonedale',	10,	28),
(327,	'V203',	'0722',	'Kotaagung',	'',	'kotaagung',	10,	17),
(328,	'W508',	'0765',	'Kotabaru Siberida',	'',	'kotabaru-siberida',	10,	26),
(329,	'L406',	'0518',	'Kotabarupulaulaut',	'',	'kotabarupulaulaut',	10,	13),
(330,	'V204',	'0724',	'Kotabumi',	'',	'kotabumi',	10,	17),
(331,	'R105',	'0434',	'Kotamobagu',	'',	'kotamobagu',	10,	30),
(332,	'O405',	'0636',	'Kotanopan',	'',	'kotanopan',	10,	33),
(333,	'O303',	'0624',	'Kotapinang',	'',	'kotapinang',	10,	33),
(334,	'E501',	'0335',	'Kraksaan',	'',	'kraksaan',	10,	11),
(335,	'7301',	'031',	'Krian',	'',	'krian',	10,	11),
(336,	'C501',	'0282',	'Kroya',	'',	'kroya',	10,	10),
(337,	'E508',	'0335',	'Krucil',	'',	'krucil',	10,	11),
(338,	'P508',	'0335',	'Krucil',	'',	'krucil-1',	10,	11),
(339,	'V205',	'0728',	'Krue',	'',	'krue',	10,	17),
(340,	'X103',	'061',	'Kuala',	'',	'kuala',	10,	33),
(341,	'M202',	'0641',	'Kuala Simpang',	'',	'kuala-simpang',	10,	20),
(342,	'I302',	'0742',	'Kuala Tungkal',	'',	'kuala-tungkal',	10,	8),
(343,	'L407',	'0513',	'Kualakapuas',	'',	'kualakapuas',	10,	14),
(344,	'3310',	'0901',	'Kualakencana',	'',	'kualakencana',	10,	25),
(345,	'L502',	'0539',	'Kualakuayan',	'',	'kualakuayan',	10,	14),
(346,	'L503',	'0537',	'Kualakurun',	'',	'kualakurun',	10,	14),
(347,	'L504',	'0538',	'Kualapembuang',	'',	'kualapembuang',	10,	14),
(348,	'C600',	'0291',	'Kudus',	'',	'kudus',	10,	10),
(349,	'L509',	'0532',	'Kumai',	'',	'kumai',	10,	14),
(350,	'F108',	'0232',	'Kuningan',	'',	'kuningan',	10,	9),
(351,	'J400',	'0380',	'Kupang',	'',	'kupang',	10,	22),
(352,	'O103',	'0629',	'Kutacane',	'',	'kutacane',	10,	20),
(353,	'C704',	'0275',	'Kutoarjo',	'',	'kutoarjo',	10,	10),
(354,	'C705',	'0287',	'Kutowinangun',	'',	'kutowinangun',	10,	10),
(355,	'R203',	'0442',	'Kwandang',	'',	'kwandang',	10,	7),
(356,	'P321',	'0351',	'Kwarakan',	'',	'kwarakan',	10,	11),
(357,	'K701',	'0253',	'Labuan',	'',	'labuan',	10,	3),
(358,	'4201',	'0927',	'Labuha',	'',	'labuha',	10,	19),
(359,	'J418',	'0385',	'Labuhan Bajo',	'',	'labuhan-bajo',	10,	22),
(360,	'O304',	'0624',	'Labuhanbilik',	'',	'labuhanbilik',	10,	33),
(361,	'O203',	'0623',	'Labuhanruku',	'',	'labuhanruku',	10,	33),
(362,	'I106',	'0731',	'Lahat',	'',	'lahat',	10,	32),
(363,	'M103',	'0651',	'Lam No',	'',	'lam-no',	10,	20),
(364,	'D109',	'0322',	'Lamongan',	'',	'lamongan',	10,	11),
(365,	'P104',	'0322',	'Lamongan',	'',	'lamongan-1',	10,	11),
(366,	'O305',	'0624',	'Langgapayung',	'',	'langgapayung',	10,	33),
(367,	'R104',	'0431',	'Langowan',	'',	'langowan',	10,	30),
(368,	'M200',	'0641',	'Langsa',	'',	'langsa',	10,	20),
(369,	'J413',	'0383',	'Larantuka',	'',	'larantuka',	10,	22),
(370,	'4303',	'0918',	'Larat',	'',	'larat',	10,	18),
(371,	'C802',	'0295',	'Lasem',	'',	'lasem',	10,	10),
(372,	'T206',	'0341',	'Lawang',	'',	'lawang',	10,	11),
(373,	'E503',	'0335',	'Leces',	'',	'leces',	10,	11),
(374,	'B107',	'022',	'Lembang',	'',	'lembang',	10,	9),
(375,	'K702',	'0252',	'Leuwidamar',	'',	'leuwidamar',	10,	3),
(376,	'J419',	'0383',	'Lewoleba',	'',	'lewoleba',	10,	22),
(377,	'M300',	'0645',	'Lhokseumawe',	'',	'lhokseumawe',	10,	20),
(378,	'M302',	'0645',	'Lhoksukon',	'',	'lhoksukon',	10,	20),
(379,	'E105',	'0333',	'Licin',	'',	'licin',	10,	11),
(380,	'K507',	'0262',	'Limbangan',	'',	'limbangan',	10,	9),
(381,	'R201',	'0435',	'Limboto',	'',	'limboto',	10,	7),
(382,	'F109',	'0232',	'Linggarjati',	'',	'linggarjati',	10,	9),
(383,	'V210',	'0728',	'Liwa',	'',	'liwa',	10,	17),
(384,	'T102',	'0342',	'Lodoyo',	'',	'lodoyo',	10,	11),
(385,	'Z700',	'London',	'London',	'',	'london',	10,	34),
(386,	'P303',	'0357',	'Lorog',	'',	'lorog',	10,	11),
(387,	'F110',	'0234',	'Losarang',	'',	'losarang',	10,	9),
(388,	'F111',	'0231',	'Losari',	'',	'losari',	10,	9),
(389,	'Y105',	'0751',	'Lubuk Alung',	'',	'lubuk-alung',	10,	31),
(390,	'Y202',	'0752',	'Lubukbasung',	'',	'lubukbasung',	10,	31),
(391,	'I107',	'0733',	'Lubuklinggau',	'',	'lubuklinggau',	10,	32),
(392,	'X107',	'061',	'Lubukpakam',	'',	'lubukpakam',	10,	33),
(393,	'Y203',	'0753',	'Lubuksikaping',	'',	'lubuksikaping',	10,	31),
(394,	'E400',	'0334',	'Lumajang',	'',	'lumajang',	10,	11),
(395,	'U200',	'0461',	'Luwuk',	'',	'luwuk',	10,	28),
(396,	'P300',	'0351',	'Madiun',	'',	'madiun',	10,	11),
(397,	'C700',	'0293',	'Magelang',	'',	'magelang',	10,	10),
(398,	'P304',	'0351',	'Magetan',	'',	'magetan',	10,	11),
(399,	'B108',	'022',	'Majalaya',	'',	'majalaya',	10,	9),
(400,	'F112',	'0233',	'Majalengka',	'',	'majalengka',	10,	9),
(401,	'C502',	'0280',	'Majenang',	'',	'majenang',	10,	10),
(402,	'N204',	'0422',	'Majene',	'',	'majene',	10,	27),
(403,	'N205',	'0423',	'Makale',	'',	'makale',	10,	27),
(404,	'N100',	'0411',	'Makassar',	'',	'makassar',	20,	27),
(405,	'T200',	'0341',	'Malang',	'',	'malang',	10,	11),
(406,	'K508',	'0262',	'Malangbong',	'',	'malangbong',	10,	9),
(407,	'Z200',	'M\'sia',	'Malaysia',	'',	'malaysia',	10,	34),
(408,	'N220',	'0474',	'Malili',	'',	'malili',	10,	27),
(409,	'L804',	'0553',	'Malinau',	'',	'malinau',	10,	15),
(410,	'K703',	'0252',	'Malingping',	'',	'malingping',	10,	3),
(411,	'N104',	'0417',	'Malino',	'',	'malino',	10,	27),
(412,	'J514',	'0372',	'Maluk',	'',	'maluk',	10,	21),
(413,	'N206',	'0426',	'Mamuju',	'',	'mamuju',	10,	27),
(414,	'R100',	'0431',	'Manado',	'',	'manado',	10,	30),
(415,	'7218',	'0323',	'Mandangin',	'',	'mandangin',	10,	11),
(416,	'I506',	'0719',	'Manggar',	'',	'manggar',	10,	32),
(417,	'4206',	'0929',	'Mangole',	'',	'mangole',	10,	19),
(418,	'P337',	'0357',	'Mangunharjo',	'',	'mangunharjo',	10,	11),
(419,	'Y204',	'0752',	'Maninjau',	'',	'maninjau',	10,	31),
(420,	'I205',	'0739',	'Manna',	'',	'manna',	10,	4),
(421,	'3400',	'0986',	'Manokwari',	'',	'manokwari',	10,	23),
(422,	'K312',	'0265',	'Manonjaya',	'',	'manonjaya',	10,	9),
(423,	'C503',	'0282',	'Maos',	'',	'maos',	10,	10),
(424,	'P305',	'0351',	'Maospati',	'',	'maospati',	10,	11),
(425,	'L408',	'0511',	'Marabahan',	'',	'marabahan',	10,	13),
(426,	'R202',	'0443',	'Marisa',	'',	'marisa',	10,	7),
(427,	'N106',	'0411',	'Maros',	'',	'maros',	10,	27),
(428,	'I102',	'0735',	'Martapura',	'',	'martapura',	10,	32),
(429,	'L409',	'0511',	'Martapura',	'',	'martapura-1',	10,	13),
(430,	'7214',	'0327',	'Masalembu',	'',	'masalembu',	10,	11),
(431,	'N215',	'0473',	'Masamba',	'',	'masamba',	10,	27),
(432,	'J515',	'0376',	'Masbagik',	'',	'masbagik',	10,	21),
(433,	'4101',	'0914',	'Masohi',	'',	'masohi',	10,	18),
(434,	'M303',	'0644',	'Matang Glumpang Dua',	'',	'matang-glumpang-dua',	10,	20),
(435,	'M307',	'0645',	'Matangkuli',	'',	'matangkuli',	10,	20),
(436,	'J500',	'0370',	'Mataram',	'',	'mataram',	10,	21),
(437,	'J414',	'0382',	'Maumere',	'',	'maumere',	10,	22),
(438,	'X100',	'061',	'Medan',	'',	'medan',	20,	33),
(439,	'L203',	'0545',	'Melak',	'',	'melak',	10,	15),
(440,	'L304',	'0561',	'Mempawah',	'',	'mempawah',	10,	12),
(441,	'K704',	'0253',	'Menes',	'',	'menes',	10,	3),
(442,	'V211',	'0726',	'Menggala',	'',	'menggala',	10,	17),
(443,	'P107',	'0356',	'Merakurak',	'',	'merakurak',	10,	11),
(444,	'3500',	'0971',	'Merauke',	'',	'merauke',	10,	25),
(445,	'O306',	'0624',	'Merbau',	'',	'merbau',	10,	33),
(446,	'C713',	'0293',	'Mertoyudan',	'',	'mertoyudan',	10,	10),
(447,	'V208',	'0725',	'Metro',	'',	'metro',	10,	17),
(448,	'M111',	'0655',	'Meulaboh',	'',	'meulaboh',	10,	20),
(449,	'M104',	'0653',	'Meureudu',	'',	'meureudu',	10,	20),
(450,	'E603',	'0338',	'Mlandingan',	'',	'mlandingan',	10,	11),
(451,	'7109',	'0321',	'Mlirip',	'',	'mlirip',	10,	11),
(452,	'C210',	'0284',	'Moga',	'',	'moga',	10,	10),
(453,	'7102',	'0321',	'Mojoagung',	'',	'mojoagung',	10,	11),
(454,	'7100',	'0321',	'Mojokerto',	'',	'mojokerto',	10,	11),
(455,	'7103',	'0321',	'Mojosari',	'',	'mojosari',	10,	11),
(456,	'4207',	'0923',	'Morotai',	'',	'morotai',	10,	19),
(457,	'U305',	'0455',	'Moutong',	'',	'moutong',	10,	28),
(458,	'I206',	'0738',	'Muara Aman',	'',	'muara-aman',	10,	4),
(459,	'I304',	'0743',	'Muara Bulian',	'',	'muara-bulian',	10,	8),
(460,	'I303',	'0747',	'Muara Bungo',	'',	'muara-bungo',	10,	8),
(461,	'I108',	'0734',	'Muara Enim',	'',	'muara-enim',	10,	32),
(462,	'L102',	'0541',	'Muara Jawa',	'',	'muara-jawa',	10,	15),
(463,	'I109',	'0733',	'Muara Rupit',	'',	'muara-rupit',	10,	32),
(464,	'I307',	'0744',	'Muara Tebo',	'',	'muara-tebo',	10,	8),
(465,	'I103',	'0735',	'Muaradua',	'',	'muaradua',	10,	32),
(466,	'Y302',	'0755',	'Muaralabuh',	'',	'muaralabuh',	10,	31),
(467,	'Y102',	'0759',	'Muarasiberut',	'',	'muarasiberut',	10,	31),
(468,	'L505',	'0519',	'Muarateweh',	'',	'muarateweh',	10,	14),
(469,	'I207',	'0737',	'Muko Muko',	'',	'muko-muko',	10,	4),
(470,	'E106',	'0333',	'Muncar',	'',	'muncar',	10,	11),
(471,	'C711',	'0293',	'Mungkid',	'',	'mungkid',	10,	10),
(472,	'C706',	'0293',	'Muntilan',	'',	'muntilan',	10,	10),
(473,	'I504',	'0716',	'Muntok',	'',	'muntok',	10,	32),
(474,	'3101',	'0984',	'Nabire',	'',	'nabire',	10,	24),
(475,	'4102',	'0913',	'Namlea',	'',	'namlea',	10,	18),
(476,	'L305',	'0568',	'Nangapinoh',	'',	'nangapinoh',	10,	12),
(477,	'B118',	'022',	'Nanjung',	'',	'nanjung',	10,	9),
(478,	'P327',	'0357',	'Nawangan',	'',	'nawangan',	10,	11),
(479,	'S105',	'0365',	'Negara',	'',	'negara',	10,	1),
(480,	'L410',	'0517',	'Negara Kalsel',	'',	'negara-kalsel',	10,	13),
(481,	'O307',	'0624',	'Negeribaru',	'',	'negeribaru',	10,	33),
(482,	'L306',	'0563',	'Ngabang',	'',	'ngabang',	10,	12),
(483,	'P203',	'0354',	'Ngadiluwih',	'',	'ngadiluwih',	10,	11),
(484,	'E507',	'0335',	'Ngadisari',	'',	'ngadisari',	10,	11),
(485,	'P507',	'0335',	'Ngadisari',	'',	'ngadisari-1',	10,	11),
(486,	'P116',	'0353',	'Ngambon',	'',	'ngambon',	10,	11),
(487,	'P204',	'0358',	'Nganjuk',	'',	'nganjuk',	10,	11),
(488,	'T220',	'0341',	'Ngantang',	'',	'ngantang',	10,	11),
(489,	'P117',	'0353',	'Ngasem',	'',	'ngasem',	10,	11),
(490,	'C803',	'0296',	'Ngawen',	'',	'ngawen',	10,	10),
(491,	'P306',	'0351',	'Ngawi',	'',	'ngawi',	10,	11),
(492,	'P328',	'0352',	'Ngebel',	'',	'ngebel',	10,	11),
(493,	'7105',	'0321',	'Ngoro Industri',	'',	'ngoro-industri',	10,	11),
(494,	'7107',	'0321',	'Ngoro Jombang',	'',	'ngoro-jombang',	10,	11),
(495,	'P118',	'0353',	'Ngraho',	'',	'ngraho',	10,	11),
(496,	'P334',	'0352',	'Ngrayun',	'',	'ngrayun',	10,	11),
(497,	'P403',	'0355',	'Ngunut',	'',	'ngunut',	10,	11),
(498,	'J406',	'0388',	'Nikiniki',	'',	'nikiniki',	10,	22),
(499,	'T305',	'0343',	'Nongkojajar',	'',	'nongkojajar',	10,	11),
(500,	'L801',	'0556',	'Nunukan',	'',	'nunukan',	10,	15),
(501,	'K207',	'0266',	'Nyalindung',	'',	'nyalindung',	10,	9),
(502,	'7212',	'0323',	'Omben',	'',	'omben',	10,	11),
(503,	'F113',	'0231',	'Pabuaran',	'',	'pabuaran',	10,	9),
(504,	'K803',	'0260',	'Pabuaran',	'',	'pabuaran-1',	10,	9),
(505,	'7106',	'0321',	'Pacet',	'',	'pacet',	10,	11),
(506,	'P307',	'0357',	'Pacitan',	'',	'pacitan',	10,	11),
(507,	'B109',	'022',	'Padalarang',	'',	'padalarang',	10,	9),
(508,	'Y100',	'0751',	'Padang',	'',	'padang',	10,	31),
(509,	'Y211',	'0752',	'Padang Japang',	'',	'padang-japang',	10,	31),
(510,	'P123',	'0353',	'Padangan',	'',	'padangan',	10,	11),
(511,	'L307',	'Pka',	'Padangkarimata',	'',	'padangkarimata',	10,	12),
(512,	'Y205',	'0752',	'Padangpanjang',	'',	'padangpanjang',	10,	31),
(513,	'O406',	'0634',	'Padangsidempuan',	'',	'padangsidempuan',	10,	33),
(514,	'K804',	'0260',	'Pagaden',	'',	'pagaden',	10,	9),
(515,	'T221',	'0341',	'Pagak',	'',	'pagak',	10,	11),
(516,	'I110',	'0730',	'Pagar Alam',	'',	'pagar-alam',	10,	32),
(517,	'L415',	'0518',	'Pagatan',	'',	'pagatan',	10,	13),
(518,	'U203',	'0461',	'Pagimana',	'',	'pagimana',	10,	28),
(519,	'Y103',	'0756',	'Painan',	'',	'painan',	10,	31),
(520,	'E502',	'0335',	'Paiton',	'',	'paiton',	10,	11),
(521,	'G103',	'0274',	'Pakem',	'',	'pakem',	10,	5),
(522,	'T216',	'0341',	'Pakis',	'',	'pakis',	10,	11),
(523,	'7219',	'0324',	'Pakong',	'',	'pakong',	10,	11),
(524,	'L500',	'0536',	'Palangkaraya',	'',	'palangkaraya',	10,	14),
(525,	'V100',	'0711',	'Palembang',	'',	'palembang',	10,	32),
(526,	'N207',	'0471',	'Palopo',	'',	'palopo',	10,	27),
(527,	'U300',	'0451',	'Palu',	'',	'palu',	10,	28),
(528,	'K801',	'0260',	'Pamanukan',	'',	'pamanukan',	10,	9),
(529,	'7200',	'0324',	'Pamekasan',	'',	'pamekasan',	10,	11),
(530,	'K505',	'0262',	'Pameungpeuk',	'',	'pameungpeuk',	10,	9),
(531,	'T103',	'0342',	'Panataran',	'',	'panataran',	10,	11),
(532,	'T306',	'0343',	'Pandaan',	'',	'pandaan',	10,	11),
(533,	'K705',	'0253',	'Pandeglang',	'',	'pandeglang',	10,	3),
(534,	'B110',	'022',	'Pangalengan',	'',	'pangalengan',	10,	9),
(535,	'K306',	'0265',	'Pangandaran',	'',	'pangandaran',	10,	9),
(536,	'N208',	'0421',	'Pangkajene Sidrap',	'',	'pangkajene-sidrap',	10,	27),
(537,	'Y212',	'0752',	'Pangkalan',	'',	'pangkalan',	10,	31),
(538,	'M203',	'0620',	'Pangkalan Brandan',	'',	'pangkalan-brandan',	10,	20),
(539,	'W210',	'0761',	'Pangkalan Kerinci',	'',	'pangkalan-kerinci',	10,	26),
(540,	'M204',	'0620',	'Pangkalan Susu',	'',	'pangkalan-susu',	10,	20),
(541,	'V106',	'0711',	'Pangkalanbalai',	'',	'pangkalanbalai',	10,	32),
(542,	'L506',	'0532',	'Pangkalanbun',	'',	'pangkalanbun',	10,	14),
(543,	'I500',	'0717',	'Pangkalpinang',	'',	'pangkalpinang',	10,	2),
(544,	'N107',	'0410',	'Pangkep',	'',	'pangkep',	10,	27),
(545,	'P323',	'0351',	'Pangkur',	'',	'pangkur',	10,	11),
(546,	'O104',	'0626',	'Pangururan',	'',	'pangururan',	10,	33),
(547,	'M304',	'0645',	'Panton Labu',	'',	'panton-labu',	10,	20),
(548,	'P205',	'0354',	'Papar',	'',	'papar',	10,	11),
(549,	'C707',	'0293',	'Parakan',	'',	'parakan',	10,	10),
(550,	'P326',	'0351',	'Parangmadiun',	'',	'parangmadiun',	10,	11),
(551,	'O205',	'0625',	'Parapat',	'',	'parapat',	10,	33),
(552,	'P206',	'0354',	'Pare',	'',	'pare',	10,	11),
(553,	'P125',	'0356',	'Parengan',	'',	'parengan',	10,	11),
(554,	'N200',	'0421',	'Pare-Pare',	'',	'pare-pare',	10,	27),
(555,	'Y104',	'0751',	'Pariaman',	'',	'pariaman',	10,	31),
(556,	'U302',	'0450',	'Parigi',	'',	'parigi',	10,	28),
(557,	'E107',	'0333',	'Pasanggaran/Pesanggaran',	'',	'pasanggaran/pesanggaran',	10,	11),
(558,	'W209',	'0762',	'Pasir Pangaraian',	'',	'pasir-pangaraian',	10,	26),
(559,	'E403',	'0334',	'Pasirian',	'',	'pasirian',	10,	11),
(560,	'4104',	'0911',	'Passo',	'',	'passo',	10,	18),
(561,	'T300',	'0343',	'Pasuruan',	'',	'pasuruan',	10,	11),
(562,	'C608',	'0295',	'Pati',	'',	'pati',	10,	10),
(563,	'F119',	'0234',	'Patrol',	'',	'patrol',	10,	9),
(564,	'Y206',	'0752',	'Payakumbuh',	'',	'payakumbuh',	10,	31),
(565,	'C609',	'0291',	'Pecangaan',	'',	'pecangaan',	10,	10),
(566,	'G206',	'0272',	'Pedan',	'',	'pedan',	10,	10),
(567,	'C200',	'0285',	'Pekalongan',	'',	'pekalongan',	10,	10),
(568,	'W200',	'0761',	'Pekanbaru',	'',	'pekanbaru',	10,	26),
(569,	'K208',	'0266',	'Pelabuhan Ratu',	'',	'pelabuhan-ratu',	10,	9),
(570,	'C205',	'0284',	'Pemalang',	'',	'pemalang',	10,	10),
(571,	'L308',	'0562',	'Pemangkat',	'',	'pemangkat',	10,	12),
(572,	'O200',	'0622',	'Pematang Siantar',	'',	'pematang-siantar',	10,	33),
(573,	'I111',	'0731',	'Pendopo',	'',	'pendopo',	10,	32),
(574,	'I105',	'0713',	'Pendopo Talang Ubi',	'',	'pendopo-talang-ubi',	10,	32),
(575,	'O407',	'0636',	'Penyabungan',	'',	'penyabungan',	10,	33),
(576,	'W207',	'0761',	'Perawang',	'',	'perawang',	10,	26),
(577,	'X108',	'061',	'Perbaungan',	'',	'perbaungan',	10,	33),
(578,	'O207',	'0622',	'Perdagangan',	'',	'perdagangan',	10,	33),
(579,	'M205',	'0646',	'Peureulak',	'',	'peureulak',	10,	20),
(580,	'N209',	'0421',	'Pinrang',	'',	'pinrang',	10,	27),
(581,	'L411',	'0512',	'Pleihari',	'',	'pleihari',	10,	13),
(582,	'F114',	'0231',	'Pleredcirebon',	'',	'pleredcirebon',	10,	9),
(583,	'7104',	'0321',	'Ploso',	'',	'ploso',	10,	11),
(584,	'4105',	'0911',	'Poka',	'',	'poka',	10,	18),
(585,	'N210',	'0428',	'Polewali',	'',	'polewali',	10,	27),
(586,	'P308',	'0352',	'Ponorogo',	'',	'ponorogo',	10,	11),
(587,	'L300',	'0561',	'Pontianak',	'',	'pontianak',	10,	12),
(588,	'O408',	'0632',	'Porsea',	'',	'porsea',	10,	33),
(589,	'U500',	'0452',	'Poso',	'',	'poso',	10,	28),
(590,	'I104',	'0713',	'Prabumulih',	'',	'prabumulih',	10,	32),
(591,	'3403',	'0986',	'Prafi',	'',	'prafi',	10,	23),
(592,	'7204',	'0328',	'Pragaan',	'',	'pragaan',	10,	11),
(593,	'E201',	'0332',	'Prajekan',	'',	'prajekan',	10,	11),
(594,	'P211',	'0358',	'Prambon',	'',	'prambon',	10,	11),
(595,	'J502',	'0370',	'Praya',	'',	'praya',	10,	21),
(596,	'T307',	'0343',	'Prigen',	'',	'prigen',	10,	11),
(597,	'P405',	'0355',	'Prigi',	'',	'prigi',	10,	11),
(598,	'V206',	'0729',	'Pringsewu',	'',	'pringsewu',	10,	17),
(599,	'E500',	'0335',	'Probolinggo',	'',	'probolinggo',	10,	11),
(600,	'E407',	'0334',	'Pronojiwo',	'',	'pronojiwo',	10,	11),
(601,	'E306',	'0336',	'Puger',	'',	'puger',	10,	11),
(602,	'T207',	'0341',	'Pujon',	'',	'pujon',	10,	11),
(603,	'L418',	'0513',	'Pulangpisau',	'',	'pulangpisau',	10,	13),
(604,	'W502',	'0765',	'Pulau Burung',	'',	'pulau-burung',	10,	26),
(605,	'W504',	'0765',	'Pulau Kijang',	'',	'pulau-kijang',	10,	26),
(606,	'W509',	'0765',	'Pulau Sambu',	'',	'pulau-sambu',	10,	26),
(607,	'W104',	'Phg',	'Pulauhalang',	'',	'pulauhalang',	10,	26),
(608,	'O208',	'0623',	'Pulaurakyat',	'',	'pulaurakyat',	10,	33),
(609,	'P316',	'0352',	'Pulung',	'',	'pulung',	10,	11),
(610,	'P315',	'0357',	'Punung',	'',	'punung',	10,	11),
(611,	'C303',	'0281',	'Purbalingga',	'',	'purbalingga',	10,	10),
(612,	'L507',	'0528',	'Purukcahu',	'',	'purukcahu',	10,	14),
(613,	'K400',	'0264',	'Purwakarta',	'',	'purwakarta',	10,	9),
(614,	'C804',	'0292',	'Purwodadigrobogan',	'',	'purwodadigrobogan',	10,	10),
(615,	'C300',	'0281',	'Purwokerto',	'',	'purwokerto',	10,	10),
(616,	'C708',	'0275',	'Purworejo',	'',	'purworejo',	10,	10),
(617,	'T308',	'0343',	'Purwosari',	'',	'purwosari',	10,	11),
(618,	'L309',	'0567',	'Putussibau',	'',	'putussibau',	10,	12),
(619,	'U103',	'0403',	'Raha',	'',	'raha',	10,	29),
(620,	'K309',	'0265',	'Raja Polah',	'',	'raja-polah',	10,	9),
(621,	'F120',	'0233',	'Rajagaluh',	'',	'rajagaluh',	10,	9),
(622,	'E307',	'0331',	'Rambipuji',	'',	'rambipuji',	10,	11),
(623,	'W402',	'0773',	'Ranai',	'',	'ranai',	10,	26),
(624,	'B112',	'022',	'Rancaekek',	'',	'rancaekek',	10,	9),
(625,	'C805',	'0296',	'Randublatung',	'',	'randublatung',	10,	10),
(626,	'C206',	'0284',	'Randudongkal',	'',	'randudongkal',	10,	10),
(627,	'K700',	'0252',	'Rangkasbitung',	'',	'rangkasbitung',	10,	3),
(628,	'3402',	'0980',	'Ransiki',	'',	'ransiki',	10,	23),
(629,	'L412',	'0517',	'Rantau',	'',	'rantau',	10,	13),
(630,	'O300',	'0624',	'Rantauprapat',	'',	'rantauprapat',	10,	33),
(631,	'N211',	'0423',	'Rantepao',	'',	'rantepao',	10,	27),
(632,	'N212',	'0421',	'Rapang/Rappang',	'',	'rapang/rappang',	10,	27),
(633,	'C806',	'0295',	'Rembang',	'',	'rembang',	10,	10),
(634,	'W203',	'0769',	'Rengat',	'',	'rengat',	10,	26),
(635,	'P108',	'0356',	'Rengel',	'',	'rengel',	10,	11),
(636,	'J415',	'0385',	'Reo',	'',	'reo',	10,	22),
(637,	'I308',	'0747',	'Rimbo Bujang',	'',	'rimbo-bujang',	10,	8),
(638,	'E108',	'0333',	'Rogojampi',	'',	'rogojampi',	10,	11),
(639,	'J416',	'0385',	'Ruteng',	'',	'ruteng',	10,	22),
(640,	'M105',	'0652',	'Sabang',	'',	'sabang',	10,	20),
(641,	'K210',	'0266',	'Sagaranten',	'',	'sagaranten',	10,	9),
(642,	'K706',	'0253',	'Saketi',	'',	'saketi',	10,	9),
(643,	'U204',	'0462',	'Salakan',	'',	'salakan',	10,	28),
(644,	'H104',	'0298',	'Salatiga',	'',	'salatiga',	10,	10),
(645,	'M305',	'0644',	'Samalanga',	'',	'samalanga',	10,	20),
(646,	'L200',	'0541',	'Samarinda',	'',	'samarinda',	10,	15),
(647,	'L310',	'0562',	'Sambas',	'',	'sambas',	10,	12),
(648,	'P210',	'0354',	'Sambi',	'',	'sambi',	10,	11),
(649,	'P312',	'0352',	'Sambit',	'',	'sambit',	10,	11),
(650,	'7205',	'0323',	'Sampang',	'',	'sampang',	10,	11),
(651,	'L508',	'0531',	'Sampit',	'',	'sampit',	10,	14),
(652,	'P329',	'0352',	'Sampung',	'',	'sampung',	10,	11),
(653,	'4202',	'0929',	'Sanana',	'',	'sanana',	10,	19),
(654,	'L204',	'0549',	'Sanggatta',	'',	'sanggatta',	10,	15),
(655,	'L311',	'0564',	'Sanggau',	'',	'sanggau',	10,	12),
(656,	'B113',	'Sto',	'Santosa',	'',	'santosa',	10,	9),
(657,	'4106',	'0931',	'Saparua',	'',	'saparua',	10,	18),
(658,	'W507',	'0765',	'Sapat',	'',	'sapat',	10,	26),
(659,	'J511',	'0374',	'Sape',	'',	'sape',	10,	21),
(660,	'7216',	'0327',	'Sapeken',	'',	'sapeken',	10,	11),
(661,	'7211',	'0327',	'Sapudi',	'',	'sapudi',	10,	11),
(662,	'P309',	'0351',	'Sarangan',	'',	'sarangan',	10,	11),
(663,	'3305',	'0966',	'Sarmi',	'',	'sarmi',	10,	25),
(664,	'I305',	'0745',	'Sarolangun',	'',	'sarolangun',	10,	8),
(665,	'L417',	'0512',	'Satui',	'',	'satui',	10,	13),
(666,	'4302',	'0918',	'Saumlaki',	'',	'saumlaki',	10,	18),
(667,	'P322',	'0351',	'Sawahan',	'',	'sawahan',	10,	11),
(668,	'Y303',	'0754',	'Sawahlunto',	'',	'sawahlunto',	10,	31),
(669,	'J420',	'0380',	'Seba',	'',	'seba',	10,	22),
(670,	'D104',	'031',	'Sedayu',	'',	'sedayu',	10,	11),
(671,	'O308',	'0624',	'Seiberombang',	'',	'seiberombang',	10,	33),
(672,	'L312',	'0564',	'Sekadau',	'',	'sekadau',	10,	12),
(673,	'V102',	'0714',	'Sekayu',	'',	'sekayu',	10,	32),
(674,	'W204',	'0763',	'Selatpanjang',	'',	'selatpanjang',	10,	26),
(675,	'N108',	'0414',	'Selayar',	'',	'selayar',	10,	27),
(676,	'J503',	'0376',	'Selong',	'',	'selong',	10,	21),
(677,	'H100',	'024',	'Semarang',	'',	'semarang',	20,	10),
(678,	'S106',	'0366',	'Semarapura',	'',	'semarapura',	10,	1),
(679,	'E308',	'0331',	'Sempolan',	'',	'sempolan',	10,	11),
(680,	'E405',	'0334',	'Senduro',	'',	'senduro',	10,	11),
(681,	'J512',	'0370',	'Senggigi',	'',	'senggigi',	10,	21),
(682,	'N213',	'0485',	'Sengkang',	'',	'sengkang',	10,	27),
(683,	'P126',	'0356',	'Senori',	'',	'senori',	10,	11),
(684,	'3306',	'0967',	'Sentani',	'',	'sentani',	10,	25),
(685,	'7302',	'031',	'Sepanjang',	'',	'sepanjang',	10,	11),
(686,	'K100',	'0254',	'Serang',	'',	'serang',	10,	3),
(687,	'O210',	'0622',	'Serbelawan',	'',	'serbelawan',	10,	33),
(688,	'3102',	'0983',	'Serui',	'',	'serui',	10,	24),
(689,	'M106',	'0651',	'Seulimeum',	'',	'seulimeum',	10,	20),
(690,	'W206',	'0764',	'Siak',	'',	'siak',	10,	26),
(691,	'O400',	'0631',	'Sibolga',	'',	'sibolga',	10,	33),
(692,	'O409',	'0633',	'Siborongborong',	'',	'siborongborong',	10,	33),
(693,	'O413',	'0636',	'Sibuhuan',	'',	'sibuhuan',	10,	33),
(694,	'Y106',	'0751',	'Sicincin',	'',	'sicincin',	10,	31),
(695,	'C504',	'0280',	'Sidareja',	'',	'sidareja',	10,	10),
(696,	'O105',	'0627',	'Sidikalang',	'',	'sidikalang',	10,	33),
(697,	'7300',	'031',	'Sidoarjo',	'',	'sidoarjo',	10,	11),
(698,	'M107',	'0653',	'Sigli',	'',	'sigli',	10,	20),
(699,	'Y304',	'0754',	'Sijunjung',	'',	'sijunjung',	10,	31),
(700,	'J506',	'0374',	'Sila',	'',	'sila',	10,	21),
(701,	'Y305',	'0754',	'Silungkang',	'',	'silungkang',	10,	31),
(702,	'Y208',	'0753',	'Simpang Empat',	'',	'simpang-empat',	10,	31),
(703,	'M116',	'0650',	'Sinabang',	'',	'sinabang',	10,	20),
(704,	'F115',	'0231',	'Sindanglaut',	'',	'sindanglaut',	10,	9),
(705,	'K604',	'0263',	'Sindanglaya',	'',	'sindanglaya',	10,	9),
(706,	'K307',	'0265',	'Singaparna',	'',	'singaparna',	10,	9),
(707,	'Z100',	'S\'pore',	'Singapore',	'',	'singapore',	10,	34),
(708,	'S107',	'0362',	'Singaraja',	'',	'singaraja',	10,	1),
(709,	'P124',	'0356',	'Singgahan',	'',	'singgahan',	10,	11),
(710,	'L313',	'0562',	'Singkawang',	'',	'singkawang',	10,	12),
(711,	'M109',	'0658',	'Singkil',	'',	'singkil',	10,	20),
(712,	'T208',	'0341',	'Singosari',	'',	'singosari',	10,	11),
(713,	'N109',	'0482',	'Sinjai',	'',	'sinjai',	10,	27),
(714,	'L314',	'0565',	'Sintang',	'',	'sintang',	10,	12),
(715,	'O411',	'0634',	'Sipirok',	'',	'sipirok',	10,	33),
(716,	'Y307',	'0754',	'Sitiung',	'',	'sitiung',	10,	31),
(717,	'E600',	'0338',	'Situbondo',	'',	'situbondo',	10,	11),
(718,	'N219',	'0472',	'Siwa',	'',	'siwa',	10,	27),
(719,	'P313',	'0352',	'Slahung',	'',	'slahung',	10,	11),
(720,	'C406',	'0283',	'Slawi',	'',	'slawi',	10,	10),
(721,	'G105',	'0274',	'Sleman',	'',	'sleman',	10,	5),
(722,	'4203',	'0921',	'Soa Siu',	'',	'soa-siu',	10,	19),
(723,	'J408',	'0388',	'Soe',	'',	'soe',	10,	22),
(724,	'G200',	'0271',	'Solo',	'',	'solo',	10,	10),
(725,	'Y300',	'0755',	'Solok',	'',	'solok',	10,	31),
(726,	'P314',	'0352',	'Somoroto',	'',	'somoroto',	10,	11),
(727,	'B117',	'022',	'Soreang',	'',	'soreang',	10,	9),
(728,	'3600',	'0951',	'Sorong',	'',	'sorong',	10,	23),
(729,	'N221',	'0475',	'Sorowako',	'',	'sorowako',	10,	27),
(730,	'G207',	'0271',	'Sragen',	'',	'sragen',	10,	10),
(731,	'G108',	'0274',	'Srandakan',	'',	'srandakan',	10,	5),
(732,	'T104',	'0342',	'Srengat',	'',	'srengat',	10,	11),
(733,	'X105',	'061',	'Stabat',	'',	'stabat',	10,	33),
(734,	'C207',	'0285',	'Subah',	'',	'subah',	10,	10),
(735,	'K800',	'0260',	'Subang',	'',	'subang',	10,	9),
(736,	'M110',	'0627',	'Subulussalam',	'',	'subulussalam',	10,	20),
(737,	'P335',	'0357',	'Sudimoro',	'',	'sudimoro',	10,	11),
(738,	'P119',	'0353',	'Sugihwaras',	'',	'sugihwaras',	10,	11),
(739,	'K200',	'0266',	'Sukabumi',	'',	'sukabumi',	10,	9),
(740,	'L315',	'San',	'Sukadanakalimantan',	'',	'sukadanakalimantan',	10,	12),
(741,	'K605',	'0263',	'Sukanegara',	'',	'sukanegara',	10,	9),
(742,	'E505',	'0335',	'Sukapura',	'',	'sukapura',	10,	11),
(743,	'C304',	'0281',	'Sukaraja',	'',	'sukaraja',	10,	10),
(744,	'D110',	'0322',	'Sukodadi',	'',	'sukodadi',	10,	11),
(745,	'7304',	'031',	'Sukodono',	'',	'sukodono',	10,	11),
(746,	'G208',	'0271',	'Sukoharjo',	'',	'sukoharjo',	10,	10),
(747,	'H105',	'0294',	'Sukorejokendal',	'',	'sukorejokendal',	10,	10),
(748,	'E202',	'0332',	'Sukosari',	'',	'sukosari',	10,	11),
(749,	'E309',	'0331',	'Sukowono',	'',	'sukowono',	10,	11),
(750,	'J508',	'0371',	'Sumbawa',	'',	'sumbawa',	10,	21),
(751,	'E511',	'0335',	'Sumber',	'',	'sumber',	10,	11),
(752,	'P105',	'0353',	'Sumberejo',	'',	'sumberejo',	10,	11),
(753,	'T209',	'0341',	'Sumbermanjing',	'',	'sumbermanjing',	10,	11),
(754,	'T210',	'0341',	'Sumberpucung',	'',	'sumberpucung',	10,	11),
(755,	'O108',	'0627',	'Sumbul',	'',	'sumbul',	10,	33),
(756,	'B114',	'0261',	'Sumedang',	'',	'sumedang',	10,	9),
(757,	'7206',	'0328',	'Sumenep',	'',	'sumenep',	10,	11),
(758,	'W106',	'0766',	'Sungai Apit',	'',	'sungai-apit',	10,	26),
(759,	'W503',	'0765',	'Sungai Guntung',	'',	'sungai-guntung',	10,	26),
(760,	'Y107',	'0751',	'Sungai Limau',	'',	'sungai-limau',	10,	31),
(761,	'W107',	'0766',	'Sungai Pakning',	'',	'sungai-pakning',	10,	26),
(762,	'I306',	'0748',	'Sungai Penuh',	'',	'sungai-penuh',	10,	8),
(763,	'Y306',	'0754',	'Sungaidareh',	'',	'sungaidareh',	10,	31),
(764,	'L319',	'0562',	'Sungaiduri',	'',	'sungaiduri',	10,	12),
(765,	'I501',	'0717',	'Sungailiat',	'',	'sungailiat',	10,	2),
(766,	'L316',	'0561',	'Sungaipinyuh',	'',	'sungaipinyuh',	10,	12),
(767,	'O209',	'0621',	'Sungairampah',	'',	'sungairampah',	10,	33),
(768,	'V107',	'0711',	'Sungsang',	'',	'sungsang',	10,	32),
(769,	'D100',	'031',	'Surabaya',	'',	'surabaya',	25,	11),
(770,	'J513',	'0370',	'Sweta',	'',	'sweta',	10,	21),
(771,	'S108',	'0361',	'Tabanan',	'',	'tabanan',	10,	1),
(772,	'R111',	'0432',	'Tagulandang',	'',	'tagulandang',	10,	30),
(773,	'R106',	'0432',	'Tahuna',	'',	'tahuna',	10,	30),
(774,	'I209',	'0736',	'Tais',	'',	'tais',	10,	4),
(775,	'N111',	'0418',	'Takalar',	'',	'takalar',	10,	27),
(776,	'M306',	'0643',	'Takengon',	'',	'takengon',	10,	20),
(777,	'V207',	'0729',	'Talangpadang',	'',	'talangpadang',	10,	17),
(778,	'J510',	'0372',	'Taliwang',	'',	'taliwang',	10,	21),
(779,	'Y207',	'0753',	'Talu',	'',	'talu',	10,	31),
(780,	'W205',	'0760',	'Talukkuantan',	'',	'talukkuantan',	10,	26),
(781,	'P120',	'0353',	'Tambakrejo',	'',	'tambakrejo',	10,	11),
(782,	'7217',	'0323',	'Tambelangan',	'',	'tambelangan',	10,	11),
(783,	'L414',	'0526',	'Tamianglayang',	'',	'tamianglayang',	10,	14),
(784,	'L101',	'0543',	'Tanah Grogot',	'',	'tanah-grogot',	10,	15),
(785,	'3502',	'0975',	'Tanah Merah',	'',	'tanah-merah',	10,	25),
(786,	'A104',	'021',	'Tangerang',	'',	'tangerang',	35,	3),
(787,	'K606',	'0263',	'Tanggeung',	'',	'tanggeung',	10,	9),
(788,	'E310',	'0336',	'Tanggul',	'',	'tanggul',	10,	11),
(789,	'M108',	'0653',	'Tangse',	'',	'tangse',	10,	20),
(790,	'P122',	'0356',	'Tanjung Awar-Awar',	'',	'tanjung-awar-awar',	10,	11),
(791,	'O212',	'0622',	'Tanjung Gading',	'',	'tanjung-gading',	10,	33),
(792,	'I502',	'0719',	'Tanjung Pandan',	'',	'tanjung-pandan',	10,	2),
(793,	'W405',	'0771',	'Tanjung Uban',	'',	'tanjung-uban',	10,	26),
(794,	'O211',	'0623',	'Tanjungbalai',	'',	'tanjungbalai',	10,	33),
(795,	'W403',	'0777',	'Tanjungbalaikarimun',	'',	'tanjungbalaikarimun',	10,	26),
(796,	'W404',	'0779',	'Tanjungbatu',	'',	'tanjungbatu',	10,	26),
(797,	'I112',	'0734',	'Tanjungenim',	'',	'tanjungenim',	10,	32),
(798,	'O309',	'0623',	'Tanjungleidong',	'',	'tanjungleidong',	10,	33),
(799,	'W400',	'0771',	'Tanjungpinang',	'',	'tanjungpinang',	10,	16),
(800,	'X104',	'061',	'Tanjungpura',	'',	'tanjungpura',	10,	33),
(801,	'V104',	'0712',	'Tanjungraja',	'',	'tanjungraja',	10,	32),
(802,	'L802',	'0554',	'Tanjungredep',	'',	'tanjungredep',	10,	15),
(803,	'B115',	'022',	'Tanjungsari',	'',	'tanjungsari',	10,	9),
(804,	'L803',	'0552',	'Tanjungselor',	'',	'tanjungselor',	10,	15),
(805,	'L413',	'0526',	'Tanjungtabalong',	'',	'tanjungtabalong',	10,	13),
(806,	'C407',	'0283',	'Tanjungtegal',	'',	'tanjungtegal',	10,	10),
(807,	'N218',	'0421',	'Tanrutedong',	'',	'tanrutedong',	10,	27),
(808,	'M117',	'0656',	'Tapaktuan',	'',	'tapaktuan',	10,	20),
(809,	'L800',	'0551',	'Tarakan',	'',	'tarakan',	10,	15),
(810,	'O410',	'0633',	'Tarutung',	'',	'tarutung',	10,	33),
(811,	'K300',	'0265',	'Tasikmalaya',	'',	'tasikmalaya',	10,	9),
(812,	'U303',	'0451',	'Tawaeli',	'',	'tawaeli',	10,	28),
(813,	'G209',	'0271',	'Tawangmangu',	'',	'tawangmangu',	10,	10),
(814,	'C610',	'0295',	'Tayu',	'',	'tayu',	10,	10),
(815,	'L318',	'0562',	'Tebas',	'',	'tebas',	10,	12),
(816,	'I113',	'0702',	'Tebingtinggi',	'',	'tebingtinggi',	10,	32),
(817,	'I309',	'0742',	'Tebingtinggi',	'',	'tebingtinggi-1',	10,	8),
(818,	'O213',	'0621',	'Tebingtinggi Deli',	'',	'tebingtinggi-deli',	10,	33),
(819,	'C400',	'0283',	'Tegal',	'',	'tegal',	10,	10),
(820,	'P332',	'0357',	'Tegalombo',	'',	'tegalombo',	10,	11),
(821,	'R205',	'0435',	'Telaga',	'',	'telaga',	10,	7),
(822,	'W506',	'0765',	'Teluk Pinang',	'',	'teluk-pinang',	10,	26),
(823,	'O412',	'0630',	'Telukdalam',	'',	'telukdalam',	10,	33),
(824,	'C709',	'0293',	'Temanggung',	'',	'temanggung',	10,	10),
(825,	'P121',	'0353',	'Temayang',	'',	'temayang',	10,	11),
(826,	'3307',	'0901',	'Tembagapura',	'',	'tembagapura',	10,	25),
(827,	'W500',	'0768',	'Tembilahan',	'',	'tembilahan',	10,	26),
(828,	'3601',	'0952',	'Teminabuan',	'',	'teminabuan',	10,	23),
(829,	'E406',	'0334',	'Tempeh',	'',	'tempeh',	10,	11),
(830,	'E408',	'0334',	'Tempursari',	'',	'tempursari',	10,	11),
(831,	'L201',	'0541',	'Tenggarong',	'',	'tenggarong',	10,	15),
(832,	'J507',	'0374',	'Tente',	'',	'tente',	10,	21),
(833,	'U502',	'0458',	'Tentena',	'',	'tentena',	10,	28),
(834,	'W406',	'0772',	'Terempa',	'',	'terempa',	10,	26),
(835,	'4200',	'0921',	'Ternate',	'',	'ternate',	10,	19),
(836,	'O107',	'0628',	'Tigabinanga',	'',	'tigabinanga',	10,	33),
(837,	'3308',	'0901',	'Timika',	'',	'timika',	10,	25),
(838,	'U306',	'0454',	'Tinombo',	'',	'tinombo',	10,	28),
(839,	'E509',	'0335',	'Tiris',	'',	'tiris',	10,	11),
(840,	'P509',	'0335',	'Tiris',	'',	'tiris-1',	10,	11),
(841,	'4204',	'0924',	'Tobela',	'',	'tobela',	10,	19),
(842,	'I505',	'0718',	'Toboali',	'',	'toboali',	10,	2),
(843,	'U308',	'0450',	'Tolay',	'',	'tolay',	10,	28),
(844,	'U304',	'0453',	'Toli-Toli',	'',	'toli-toli',	10,	28),
(845,	'R107',	'0431',	'Tomohon',	'',	'tomohon',	10,	30),
(846,	'R108',	'0431',	'Tondano',	'',	'tondano',	10,	30),
(847,	'E506',	'0335',	'Tongas',	'',	'tongas',	10,	11),
(848,	'T310',	'0343',	'Tosari',	'',	'tosari',	10,	11),
(849,	'E109',	'0333',	'Treblasala',	'',	'treblasala',	10,	11),
(850,	'P404',	'0355',	'Trenggalek',	'',	'trenggalek',	10,	11),
(851,	'4300',	'0916',	'Tual',	'',	'tual',	10,	18),
(852,	'P106',	'0356',	'Tuban',	'',	'tuban',	10,	11),
(853,	'I114',	'0733',	'Tugumulyo',	'',	'tugumulyo',	10,	32),
(854,	'7303',	'031',	'Tulangan',	'',	'tulangan',	10,	11),
(855,	'P400',	'0355',	'Tulungagung',	'',	'tulungagung',	10,	11),
(856,	'T211',	'0341',	'Tumpang',	'',	'tumpang',	10,	11),
(857,	'T212',	'0341',	'Turen',	'',	'turen',	10,	11),
(858,	'W208',	'0762',	'Ujungbatu',	'',	'ujungbatu',	10,	26),
(859,	'B116',	'022',	'Ujungberung',	'',	'ujungberung',	10,	9),
(860,	'U105',	'0408',	'Unaaha',	'',	'unaaha',	10,	29),
(861,	'H106',	'024',	'Ungaran',	'',	'ungaran',	10,	10),
(862,	'P310',	'0351',	'Uteran',	'',	'uteran',	10,	11),
(863,	'3311',	'0967',	'Waena',	'',	'waena',	10,	25),
(864,	'4108',	'0914',	'Wahai',	'',	'wahai',	10,	18),
(865,	'J410',	'0387',	'Waikabubak',	'',	'waikabubak',	10,	22),
(866,	'J409',	'0387',	'Waingapu',	'',	'waingapu',	10,	22),
(867,	'P311',	'0351',	'Walikukun',	'',	'walikukun',	10,	11),
(868,	'3309',	'0969',	'Wamena',	'',	'wamena',	10,	25),
(869,	'K506',	'0262',	'Wanaraja',	'',	'wanaraja',	10,	9),
(870,	'U106',	'0404',	'Wanci',	'',	'wanci',	10,	29),
(871,	'7208',	'0324',	'Waru',	'',	'waru',	10,	11),
(872,	'P207',	'0358',	'Warujayeng',	'',	'warujayeng',	10,	11),
(873,	'N112',	'0481',	'Watampone',	'',	'watampone',	10,	27),
(874,	'N214',	'0484',	'Watansoppeng',	'',	'watansoppeng',	10,	27),
(875,	'P208',	'0354',	'Wates',	'',	'wates',	10,	11),
(876,	'G106',	'0274',	'Watesyogya',	'',	'watesyogya',	10,	5),
(877,	'P333',	'0357',	'Watugede',	'',	'watugede',	10,	11),
(878,	'H107',	'0294',	'Weleri',	'',	'weleri',	10,	10),
(879,	'C807',	'0292',	'Wirosari',	'',	'wirosari',	10,	10),
(880,	'T105',	'0342',	'Wlingi',	'',	'wlingi',	10,	11),
(881,	'J417',	'0381',	'Wolowaru',	'',	'wolowaru',	10,	22),
(882,	'E110',	'0333',	'Wongsorejo',	'',	'wongsorejo',	10,	11),
(883,	'G210',	'0273',	'Wonogiri',	'',	'wonogiri',	10,	10),
(884,	'N216',	'0428',	'Wonomulyo',	'',	'wonomulyo',	10,	27),
(885,	'G107',	'0274',	'Wonosari',	'',	'wonosari',	10,	5),
(886,	'C710',	'0286',	'Wonosobo',	'',	'wonosobo',	10,	10),
(887,	'G100',	'0274',	'Yogyakarta',	'',	'yogyakarta',	20,	5),
(888,	'E404',	'0334',	'Yosowilangun',	'',	'yosowilangun',	10,	11);

SET NAMES utf8mb4;

DROP TABLE IF EXISTS `dealers`;
CREATE TABLE `dealers` (
  `id` int(10) unsigned NOT NULL AUTO_INCREMENT,
  `company_type` enum('PT','CV') COLLATE utf8mb4_unicode_ci NOT NULL,
  `name` varchar(255) COLLATE utf8mb4_unicode_ci NOT NULL,
  `trademark` varchar(255) COLLATE utf8mb4_unicode_ci NOT NULL,
  `address` text COLLATE utf8mb4_unicode_ci NOT NULL,
  `city_id` int(11) NOT NULL,
  `user_id` int(11) NOT NULL,
  `telepon` varchar(100) COLLATE utf8mb4_unicode_ci DEFAULT NULL,
  `created_at` timestamp NULL DEFAULT NULL,
  `updated_at` timestamp NULL DEFAULT NULL,
  PRIMARY KEY (`id`)
) ENGINE=InnoDB DEFAULT CHARSET=utf8mb4 COLLATE=utf8mb4_unicode_ci;

INSERT INTO `dealers` (`id`, `company_type`, `name`, `trademark`, `address`, `city_id`, `user_id`, `telepon`, `created_at`, `updated_at`) VALUES
(1,	'PT',	'Honda Tiga Saudara',	'TMJ Sport',	' Jaticempaka, Pondokgede, Kota Bks, Jawa Barat',	187,	4,	NULL,	'2018-08-09 15:37:36',	'2018-08-09 15:37:36'),
(2,	'PT',	'HONDA JAKARTA CENTER',	'PT. Imora Moto',	'Jl. Pangeran Jayakarta No. 50\r\nJakarta 10730	021  6011101, 6260589 (Hunting)	021  6493822, 6010803',	242,	4,	NULL,	'2018-08-09 15:37:36',	'2018-08-09 15:37:36'),
(3,	'PT',	'Honda Autoland',	'PT. Gading Prima Autoland',	'Jl. Boulevard Barat XB 1-2\r\nKelapa Gading , Jakarta-14250	021  4501858, 4501868	021  4501958',	187,	4,	NULL,	'2018-08-09 15:37:36',	'2018-08-09 15:37:36'),
(4,	'PT',	'PT. Ciwangi Berlian Motor',	'PT. Ciwangi Berlian Motor',	'Jl. Boulevard Barat Raya Blok XC-D3, Jakarta Utara 14241',	242,	4,	NULL,	'2018-08-09 15:37:36',	'2018-08-09 15:37:36'),
(6,	'PT',	'Mitsubishi Setiakawan',	'PT. Setiakawan Pahala Motor',	'Jl. Pluit Raya Selatan No. 6, Jakarta Utara 14460',	242,	5,	NULL,	'2018-08-09 15:37:36',	'2018-08-09 15:37:36'),
(7,	'PT',	'1qweqwe',	'qweqwewe',	'sdadaddasd',	7,	27,	NULL,	'2018-08-11 04:26:29',	'2018-08-11 04:26:29'),
(8,	'PT',	'Abdi Jaya',	'Abdi Mobil',	'Jl. H. Karyo',	7,	28,	NULL,	'2018-08-11 04:31:31',	'2018-08-11 04:31:31'),
(9,	'PT',	'Kumala Jaya',	'Kumala Mobil',	'Jl. Raya Cilangkap',	15,	29,	NULL,	'2018-08-11 04:37:15',	'2018-08-11 04:37:15'),
(10,	'PT',	'Tunas Honda Kalimalang',	'Tunas Honda XMalang',	'Jl. Badak 3 No 34 Kalimalang, Jakarta Timur.',	4,	30,	NULL,	'2018-08-11 05:26:28',	'2018-08-11 05:26:28'),
(11,	'PT',	'Tunas Honda Mandiri',	'Tunas Honda Mandiri',	'JL. Cendana Raya No. 12 Jakarta Selatan',	330,	38,	NULL,	'2018-08-12 04:49:43',	'2018-08-12 04:49:43');

DROP TABLE IF EXISTS `dealer_vehicle`;
CREATE TABLE `dealer_vehicle` (
  `id` int(11) NOT NULL AUTO_INCREMENT,
  `dealer_id` int(11) NOT NULL,
  `vehicle_id` int(11) NOT NULL,
  `stock` int(11) NOT NULL,
  PRIMARY KEY (`id`)
) ENGINE=InnoDB DEFAULT CHARSET=latin1;

INSERT INTO `dealer_vehicle` (`id`, `dealer_id`, `vehicle_id`, `stock`) VALUES
(1,	1,	4,	10),
(2,	1,	3,	10),
(3,	10,	12,	10),
(4,	10,	24,	10),
(5,	10,	8,	0),
(6,	10,	9,	0),
(7,	10,	10,	0);

DROP TABLE IF EXISTS `inboxes`;
CREATE TABLE `inboxes` (
  `id` int(11) NOT NULL AUTO_INCREMENT,
  `from` varchar(255) DEFAULT NULL,
  `to` varchar(255) DEFAULT NULL,
  `type` varchar(255) DEFAULT NULL,
  `title` varchar(255) DEFAULT NULL,
  `message` text,
  `created_at` datetime DEFAULT NULL,
  `updated_at` timestamp NULL DEFAULT CURRENT_TIMESTAMP ON UPDATE CURRENT_TIMESTAMP,
  PRIMARY KEY (`id`) USING BTREE
) ENGINE=InnoDB DEFAULT CHARSET=latin1 ROW_FORMAT=COMPACT;

INSERT INTO `inboxes` (`id`, `from`, `to`, `type`, `title`, `message`, `created_at`, `updated_at`) VALUES
(1,	'10',	'12',	'informasi',	'Informasi',	'jika Anda memilih salah satu penawaran disarankan untuk print detil penawarannya dan melakukan proses selanjutnya di tempat merchant (penjual) sesuai alamat yang tercantum di lembar penawaran.\r\n',	'2018-08-04 18:35:32',	'2018-08-05 11:39:21'),
(2,	'10',	'12',	'informasi',	'Selamat Datang di BursaOtomotif',	'Selamat! Anda sudah terdaftar sebagai user Bursa otomotif. Suatu aplikasi berguna untuk anda melakukan pembelian mobil melalui dealer secara online. \r\n\r\nThanks',	'2018-08-04 18:35:32',	'2018-08-05 11:39:21');

DROP TABLE IF EXISTS `migrations`;
CREATE TABLE `migrations` (
  `id` int(10) unsigned NOT NULL AUTO_INCREMENT,
  `migration` varchar(255) COLLATE utf8mb4_unicode_ci NOT NULL,
  `batch` int(11) NOT NULL,
  PRIMARY KEY (`id`)
) ENGINE=InnoDB DEFAULT CHARSET=utf8mb4 COLLATE=utf8mb4_unicode_ci;

INSERT INTO `migrations` (`id`, `migration`, `batch`) VALUES
(1,	'2018_07_16_003533_create_users_table',	1),
(2,	'2018_07_16_234744_create_city_table',	1);

DROP TABLE IF EXISTS `offers`;
CREATE TABLE `offers` (
  `id` int(11) NOT NULL AUTO_INCREMENT,
  `request_id` int(11) DEFAULT NULL,
  `sales_id` int(11) DEFAULT NULL,
  `dealer_id` int(11) DEFAULT NULL,
  `expired_date` date DEFAULT NULL,
  `tdp` varchar(255) DEFAULT NULL,
  `installment` varchar(255) DEFAULT NULL,
  `tenor` varchar(255) DEFAULT NULL,
  `availibillity` varchar(255) DEFAULT NULL,
  `promo` text,
  `tnc` varchar(255) DEFAULT NULL,
  `description` text,
  `status` varchar(255) DEFAULT NULL,
  `created_at` datetime DEFAULT NULL,
  `updated_at` timestamp NULL DEFAULT NULL,
  PRIMARY KEY (`id`) USING BTREE
) ENGINE=InnoDB DEFAULT CHARSET=latin1 ROW_FORMAT=COMPACT;

INSERT INTO `offers` (`id`, `request_id`, `sales_id`, `dealer_id`, `expired_date`, `tdp`, `installment`, `tenor`, `availibillity`, `promo`, `tnc`, `description`, `status`, `created_at`, `updated_at`) VALUES
(1,	1,	17,	4,	'2018-08-07',	'1000',	'2000',	'36',	'Available',	'Free sarung jok',	'Jakarta only',	' \r\n',	NULL,	'2018-08-05 17:15:59',	'2018-08-05 17:16:03');

DROP TABLE IF EXISTS `payments`;
CREATE TABLE `payments` (
  `id` int(11) NOT NULL AUTO_INCREMENT,
  `token_id` int(11) NOT NULL,
  `promo_id` int(11) DEFAULT NULL,
  `user_id` int(11) NOT NULL,
  `price` double NOT NULL,
  `payment_method` varchar(150) NOT NULL,
  `status` enum('success','pending','expired','') NOT NULL,
  PRIMARY KEY (`id`)
) ENGINE=InnoDB DEFAULT CHARSET=latin1;

INSERT INTO `payments` (`id`, `token_id`, `promo_id`, `user_id`, `price`, `payment_method`, `status`) VALUES
(1,	1,	NULL,	12,	100000,	'doku',	'pending'),
(2,	2,	NULL,	12,	180000,	'doku',	'success');

DROP TABLE IF EXISTS `promo`;
CREATE TABLE `promo` (
  `id` int(11) NOT NULL AUTO_INCREMENT,
  `bonus` text NOT NULL,
  `price` double NOT NULL,
  `start_date` date NOT NULL,
  `end_date` date NOT NULL,
  `promo_code` varchar(100) NOT NULL,
  `created_at` datetime NOT NULL DEFAULT CURRENT_TIMESTAMP,
  `updated_at` timestamp NOT NULL DEFAULT CURRENT_TIMESTAMP ON UPDATE CURRENT_TIMESTAMP,
  PRIMARY KEY (`id`)
) ENGINE=InnoDB DEFAULT CHARSET=latin1;


DROP TABLE IF EXISTS `province`;
CREATE TABLE `province` (
  `id` int(11) NOT NULL AUTO_INCREMENT,
  `name` varchar(45) NOT NULL,
  `description` text,
  `slug` varchar(255) NOT NULL,
  PRIMARY KEY (`id`),
  UNIQUE KEY `slug_UNIQUE` (`slug`)
) ENGINE=InnoDB DEFAULT CHARSET=utf8;

INSERT INTO `province` (`id`, `name`, `description`, `slug`) VALUES
(1,	'Bali',	'',	'bali'),
(2,	'Bangka Belitung',	'',	'bangka-belitung'),
(3,	'Banten',	'',	'banten'),
(4,	'Bengkulu',	'',	'bengkulu'),
(5,	'DI Yogyakarta',	'',	'di-yogyakarta'),
(6,	'DKI Jakarta',	'',	'dki-jakarta'),
(7,	'Gorontalo',	'',	'gorontalo'),
(8,	'Jambi',	'',	'jambi'),
(9,	'Jawa Barat',	'',	'jawa-barat'),
(10,	'Jawa Tengah',	'',	'jawa-tengah'),
(11,	'Jawa Timur',	'',	'jawa-timur'),
(12,	'Kalimantan Barat',	'',	'kalimantan-barat'),
(13,	'Kalimantan Selatan',	'',	'kalimantan-selatan'),
(14,	'Kalimantan Tengah',	'',	'kalimantan-tengah'),
(15,	'Kalimantan Timur',	'',	'kalimantan-timur'),
(16,	'Kepulauan Riau',	'',	'kepulauan-riau'),
(17,	'Lampung',	'',	'lampung'),
(18,	'Maluku',	'',	'maluku'),
(19,	'Maluku Utara',	'',	'maluku-utara'),
(20,	'Nanggroe Aceh Darussalam',	'',	'nanggroe-aceh-darussalam'),
(21,	'Nusa Tenggara Barat',	'',	'nusa-tenggara-barat'),
(22,	'Nusa Tenggara Timur',	'',	'nusa-tenggara-timur'),
(23,	'Papua Barat',	'',	'papua-barat'),
(24,	'Papua Tengah',	'',	'papua-tengah'),
(25,	'Papua Timur',	'',	'papua-timur'),
(26,	'Riau',	'',	'riau'),
(27,	'Sulawesi Selatan',	'',	'sulawesi-selatan'),
(28,	'Sulawesi Tengah',	'',	'sulawesi-tengah'),
(29,	'Sulawesi Tenggara',	'',	'sulawesi-tenggara'),
(30,	'Sulawesi Utara',	'',	'sulawesi-utara'),
(31,	'Sumatera Barat',	'',	'sumatera-barat'),
(32,	'Sumatera Selatan',	'',	'sumatera-selatan'),
(33,	'Sumatera Utara',	'',	'sumatera-utara'),
(34,	'International',	'',	'international');

DROP TABLE IF EXISTS `requests`;
CREATE TABLE `requests` (
  `id` int(11) NOT NULL AUTO_INCREMENT,
  `user_id` int(11) DEFAULT NULL,
  `vehicle_id` int(11) DEFAULT NULL,
  `city_id` int(11) DEFAULT NULL,
  `color` varchar(255) DEFAULT NULL,
  `qty` int(11) DEFAULT NULL,
  `payment_method` varchar(255) DEFAULT NULL,
  `dp` varchar(255) DEFAULT NULL,
  `installment` varchar(255) DEFAULT NULL,
  `created_at` datetime DEFAULT NULL,
  `updated_at` timestamp NULL DEFAULT NULL ON UPDATE CURRENT_TIMESTAMP,
  PRIMARY KEY (`id`) USING BTREE
) ENGINE=InnoDB DEFAULT CHARSET=latin1 ROW_FORMAT=COMPACT;

INSERT INTO `requests` (`id`, `user_id`, `vehicle_id`, `city_id`, `color`, `qty`, `payment_method`, `dp`, `installment`, `created_at`, `updated_at`) VALUES
(1,	12,	2,	1,	'Merah',	1,	'Cash',	'1000',	'2000',	'2018-08-05 17:13:53',	'2018-08-05 11:39:31'),
(2,	4,	3,	242,	'hitam',	1,	'Cash',	'50000000',	'320000000',	'2018-08-05 17:13:53',	'2018-08-05 11:39:31'),
(3,	5,	5,	282,	'putih',	1,	'Cash',	'15613200',	'3120000',	'2018-08-05 17:13:53',	'2018-08-05 11:39:31');

DROP TABLE IF EXISTS `selected_sales`;
CREATE TABLE `selected_sales` (
  `id` int(11) NOT NULL AUTO_INCREMENT,
  `request_id` int(11) NOT NULL,
  `sales_id` int(11) NOT NULL,
  `is_offered` int(11) NOT NULL DEFAULT '0',
  `created_at` datetime NOT NULL DEFAULT CURRENT_TIMESTAMP,
  `updated_at` timestamp NOT NULL DEFAULT CURRENT_TIMESTAMP ON UPDATE CURRENT_TIMESTAMP,
  PRIMARY KEY (`id`)
) ENGINE=InnoDB DEFAULT CHARSET=latin1;

INSERT INTO `selected_sales` (`id`, `request_id`, `sales_id`, `is_offered`, `created_at`, `updated_at`) VALUES
(1,	1,	17,	0,	'2018-08-08 11:22:24',	'2018-08-10 16:20:47'),
(3,	2,	17,	0,	'2018-08-08 11:22:24',	'2018-08-10 16:20:47'),
(4,	3,	17,	0,	'2018-08-08 11:22:24',	'2018-08-08 11:22:24');

DROP TABLE IF EXISTS `tokens`;
CREATE TABLE `tokens` (
  `id` int(11) NOT NULL AUTO_INCREMENT,
  `token` int(11) NOT NULL,
  `price` double NOT NULL,
  `bonus` varchar(255) DEFAULT NULL,
  `created_at` datetime NOT NULL DEFAULT CURRENT_TIMESTAMP,
  `updated_at` timestamp NOT NULL DEFAULT CURRENT_TIMESTAMP ON UPDATE CURRENT_TIMESTAMP,
  PRIMARY KEY (`id`)
) ENGINE=InnoDB DEFAULT CHARSET=latin1;

INSERT INTO `tokens` (`id`, `token`, `price`, `bonus`, `created_at`, `updated_at`) VALUES
(1,	10,	100000,	NULL,	'2018-08-11 10:54:47',	'2018-08-11 03:54:47'),
(2,	20,	180000,	'1',	'2018-08-11 10:54:47',	'2018-08-11 03:54:47');

DROP TABLE IF EXISTS `token_history`;
CREATE TABLE `token_history` (
  `id` int(11) NOT NULL AUTO_INCREMENT,
  `user_id` int(11) NOT NULL,
  `description` varchar(255) NOT NULL,
  `name` varchar(255) NOT NULL,
  `token` int(11) NOT NULL,
  `created_at` datetime NOT NULL,
  `updated_at` timestamp NOT NULL DEFAULT CURRENT_TIMESTAMP ON UPDATE CURRENT_TIMESTAMP,
  PRIMARY KEY (`id`)
) ENGINE=InnoDB DEFAULT CHARSET=latin1;

INSERT INTO `token_history` (`id`, `user_id`, `description`, `name`, `token`, `created_at`, `updated_at`) VALUES
(1,	12,	'Memilih penawaran',	'Arya yudha',	-1,	'2018-08-11 00:00:00',	'2018-08-11 04:01:04'),
(2,	12,	'Merubah nomor handphone',	'Sutejo riyadi',	-1,	'2018-08-11 10:23:24',	'2018-08-11 04:01:22'),
(3,	17,	'Penawaran Terpilih',	'Arya yudha',	-1,	'2018-08-11 00:00:00',	'2018-08-11 03:50:01'),
(4,	17,	'Penawaran Terpilih',	'Sutejo riyadi',	-1,	'2018-08-11 10:23:24',	'2018-08-11 03:50:04');

DROP TABLE IF EXISTS `users`;
CREATE TABLE `users` (
  `id` int(10) unsigned NOT NULL AUTO_INCREMENT,
  `noaccount` varchar(255) COLLATE utf8mb4_unicode_ci NOT NULL,
  `fullname` varchar(255) COLLATE utf8mb4_unicode_ci NOT NULL,
  `nik` int(11) DEFAULT NULL,
  `email` varchar(255) COLLATE utf8mb4_unicode_ci NOT NULL,
  `password` varchar(255) COLLATE utf8mb4_unicode_ci NOT NULL,
  `phone` varchar(255) COLLATE utf8mb4_unicode_ci NOT NULL,
  `photo` text COLLATE utf8mb4_unicode_ci,
  `token` varchar(255) COLLATE utf8mb4_unicode_ci NOT NULL DEFAULT '0',
  `warning` int(11) NOT NULL DEFAULT '0',
  `role` enum('customer','dealer','sales','admin') COLLATE utf8mb4_unicode_ci NOT NULL,
  `challenge_code` varchar(255) COLLATE utf8mb4_unicode_ci DEFAULT NULL,
  `is_confirm` tinyint(1) NOT NULL DEFAULT '1',
  `created_at` timestamp NULL DEFAULT NULL,
  `updated_at` timestamp NULL DEFAULT NULL,
  PRIMARY KEY (`id`),
  UNIQUE KEY `users_email_unique` (`email`)
) ENGINE=InnoDB DEFAULT CHARSET=utf8mb4 COLLATE=utf8mb4_unicode_ci;

INSERT INTO `users` (`id`, `noaccount`, `fullname`, `nik`, `email`, `password`, `phone`, `photo`, `token`, `warning`, `role`, `challenge_code`, `is_confirm`, `created_at`, `updated_at`) VALUES
(4,	'-',	'Rifqi Maulana',	NULL,	'rifqi@gmail.com',	'$2y$10$9D5qGzwAhiV5ksftzXTYTu2GL0LS.ejGNLCxpQ3SRqqCKk8w6Hybe',	'085887878692',	'100818033401Screenshot_3.png',	'',	0,	'customer',	'100975',	1,	'2018-07-18 07:00:27',	'2018-08-10 15:34:01'),
(6,	'-',	'Asep Subhan',	NULL,	'asep@gmail.com',	'$2y$10$3EUpyDQc2HBroPuPWO/E4.WbXIZo10GITaRUmhcwX/rUz0Qn/pY0e',	'081320391283',	NULL,	'0',	0,	'customer',	'455968',	1,	'2018-07-20 01:30:02',	'2018-07-20 01:30:02'),
(7,	'-',	'Agung Sumenep',	NULL,	'agus@gmail.com',	'$2y$10$ybZNuHB08ENxo06IIeqtZOD3jS8c7YAb9OomnEf7d4Z5.Z0.TSCzm',	'010290808102',	NULL,	'0',	0,	'customer',	'488886',	1,	'2018-07-20 01:56:04',	'2018-07-20 01:56:04'),
(8,	'-',	'Agung Sumenep',	NULL,	'ags@gmail.com',	'$2y$10$AyBipsWBuFXm0pfsfx6poOQZbz2GvyhW/WyihmXb5J.ZZKJ/Ug99W',	'08998102890',	NULL,	'0',	0,	'customer',	'558096',	1,	'2018-07-20 02:00:09',	'2018-07-20 02:00:09'),
(9,	'-',	'Julius Sesar',	NULL,	'hectosr@gmail.com',	'$2y$10$0rWmmVNLx/5zD5g6omiJ9.OD6FnpAcR6qFz0gszaOjg19WJAZQvuC',	'1233434334',	NULL,	'0',	0,	'customer',	'749871',	1,	'2018-07-20 13:54:12',	'2018-07-29 02:36:38'),
(11,	'-',	'Gilang',	NULL,	'gilang@gmail.com',	'$2y$10$C7vEovguWn/ilNsHub/wLevtUbQgFJQXuxSLZtDltkahcqgUBlZie',	'08912389495',	NULL,	'0',	0,	'customer',	'407175',	1,	'2018-07-21 09:15:57',	'2018-07-21 09:15:57'),
(12,	'-',	'Dedy Guna-guna',	NULL,	'yudha@gmail.com',	'$2y$10$86uJEe4TuAMx7.ZcWqsCzuc96mTbkjuKa5E9GuOKb1ppwPok2Kyru',	'08178904567',	'data:image/jpeg;base64,/9j/4AAQSkZJRgABAQEASABIAAD/2wBDAAUDBAQEAwUEBAQFBQUGBwwIBwcHBw8LCwkMEQ8SEhEPERETFhwXExQaFRERGCEYGh0dHx8fExciJCIeJBweHx7/2wBDAQUFBQcGBw4ICA4eFBEUHh4eHh4eHh4eHh4eHh4eHh4eHh4eHh4eHh4eHh4eHh4eHh4eHh4eHh4eHh4eHh4eHh7/wgARCAEsASwDASIAAhEBAxEB/8QAHAAAAAcBAQAAAAAAAAAAAAAAAQIDBAUGBwAI/8QAGQEAAwEBAQAAAAAAAAAAAAAAAAECAwQF/9oADAMBAAIQAxAAAAG2kUDm0SObg4OEBKYrFWLgAacqWaVU5Np2ShZ7pnrFcz10na1q/KZXZ5/JmOkeiHnni1UaylDcnIqRTgTt7AnZOKQadKfSgG4WhKrCi1np6bKwhQDMvBaUqnbS1hVqdJDqBJS1bco1aPYw+F1oYRp0ZnEi6lV80fZ6Sj5hNYbwEZYo5xDNzI9GSzUHFjTtdkAxLtv4MP7eFgwIPQPC8/8AehDB5570Kccj3nMuN+iTecys9Gj5vKHow3nDheiWvn+4hd3LKrSU7m9sttlb7J+f3Z9IaOvUUaQt57UHS9NYZ3isZsNeuM3Su1U6uewT2bJXOoFzMzWjp56Ir+WinHciVIwrQFbOneldQFrMVNFXFmw6WVmcqX4EUV7cEkRuBbZ5/oc3mk3vk6rPJQ77z/QnXMO/6ed4DUusumZUs6JHOGPPvHVuyxdxnW34nqvqeXfZJhKOQMKlIiqZgOBhaRNxU4snmIsv00p5gBnqEvmDg9NJeauD0mHm6zJ3/G9Czxy4v1DuvL2WJ6zf8Peq+bOdcVUU29p0iRJVzJVtlojGyEGKk2Wrqet5Gousb5rYy5ALWtEyoQ1IuYiGlkzoQ1UzEOfWRUhgCbUrpAs56kVq2xkEnIxqUpHaxYLGD3zfVUlKEa89Mf5Q/ovLaFkDSWNGsSZdvANZJSurdFUifhi+l5foR/56JFelDeaQqfTQeZSh6f7y8DfqIPLoBHd6bVqfL/eozi8sj6mMHlgfU4t+WbP6BbSYLC6nmOW96Hjef6EOkofoySUFlUTD+FnMOpmxTj9M3oxw6868vBzmGtQM+0js4c4U3p3pngCnoJS157P6AEMBHfeDBD7uYI0cx7OtP7LSs1McpKlrRsiBmuFyOVC143tWRcvXIz1fnePucV+4Pd8c+f2ZlRET5JiXQULIQKmW7GorrqVjMNIbVsVS7/M31356V2y9Bj56K16J7zoVno0POJQ9Ih5tKEN3pQMb82m9Ign5x70YQPO5/QQh57lNvjZI+n3hrlrUZONdc3oTKsczqjTlTdubm/oz2olo6IbJyj+oTxbuOImpi0NJX6vOy82sm0zycdWAMsDUuRlxtOBvNx0cqWCF1Pt5yrtW4Mo7WBDJO1wQyGz3mTkgW9+d5vO29+onF6SsdKMZtoxbDviRR8ZqG5ywqZt/FzuGwQcxYrzxHtwX7vPwjvQJqXnzvQgs89d6GMjzv3ogQ87D6KELYLHsqfcxEH3MOZIdHAEmWPODpFRwOBpuhQeO1IM4a8fc1iLGxtpC1T2lIrqSgKsRrmw0zKNI15ra8jHfRzPObG1hx0GRqfCABlg6vAFiGtAHmLtwGXhvboKMK7dCBh/bgLMO020aUhJZUQaxU0zm6zRdMiY0psjWnfN1SbAxabpFtCSPYMwuVddxHZejnsbJxAmb601S1WmeR7mNR49D0ui15u70iLPNvekhRm/UDs7vwULgvoUPgvtyoXoRBynDWQVTUpEbvCSRMXZWSuo5btSU1hZ7fR8ejjkcZ6HHlJO0OpWom28eU6uUzjuqFAElLsn1iPkwU8VFjtY1Tm/UnB0Ixe4DGB9QYQVtIqCLSRiKMRggYJoJS7gcK7VaCfVOfeRphB9Lzrl6iPE3uOzqbh5lxfZEi/bwnIo2qXRTloL3GEgKQSKiU9Lz8LAVT6er29CkFAUDh7qXd3MSMZEEknoMag6KJkylmwQzeTJNR0ZPsovMHmh0/h7275vIZVpZ1Cep5YoLpoXIYtMpi8kyr9gRRjYwRKNlfefvSmNzIKJ7ZmN3M7uKwUxIC4JLAlypEFEqdJUiJgbsJQgRBJJqm1MoOWtBlJOF4e3VElO9HzmxiOEARRJnF5NCKxBCMQpWMKvV8qkZoyiQNOeaOWuKomwSlUADEZJvQjVUSJDGpIpOSNNOcJAQh1UR5JEg2NYt6Gekuok1qDO4yTQmkAs5u4ZpuCGSEhWLu1akyqIqlEzA0UeKw67B20VQW4DFysfLTeovAFRMjTkzcwKpnMDcjsgIGMUCpuOpIRj5vFPFlWjQiIDBk+aSHRVbJydasjG5li8EsUVC0IrJlQoQQYoZtINJMVm6HagJsbuGbiWcwA0c6IguZqA3YIcAqtVUNX7V2I0c+YDdgbmk2rtlLXYPWacrxTaT/8QAMRAAAQMDAgYCAgEEAgMBAAAAAQACAwQFERIWBhATFCExFSIyQSAjJDAzJUMHNDVC/9oACAEBAAEFAsrAWGrDVl2SXYGV+yqnqljGFNWhCPK6GVI2OBtXerdEpL7I9xudbI2C4VTHU19iY6mvdteKappahuoBGRoXVBRDXJscafGAcDHL0shZRBQQ/hhfv9BZCyE5zUCCqd+onQi7AunERidU1lTVO8qJNBYZGt6b2rP260kZouIpAo5+swylNmAd12BOrYA5lxpkblRAuvFCF8zQJ96t+XXm2sXztuT7/bM/P2xN4qaA/ijK3M5bnkW5pkeJqlblrFuSuW469Wq911VWdZ6u1TUU1Ab/AHRSX26SweE32mMBbAVG3+2LfMzcH8VI7Won+HgtP+ToTrtqhdrUoUNYULdXE/FXJC0XIr4W6L4O6qlt9ypJ42zyR3Jt2qY6qnkppV7TQvxUPgszri/GWMtM4AEg8jwj7Z9zScKUtRBsunw3gynWzqXLODqFbQtgW0bUhwna1ta0ocM2doPDloQ4etC7qmYO+piu9pgfk6dC504TrvCo7vC1OvUOPm4lLdYpwy5RdKS8RwtqZnzzwROe5lueUKN6itsjgy2TMUdtkLaegcHy0ERFdbHFTU8jF0inMwGnDqC5GliZxK5g3QVucrc5R4mctzPW5pUeJJVuOZHiKdDiOpXc1C68y68y6sq6si6j1qctTlkrhRjJa4Wu2d1xP28TWjJt0QzCwJkTVGxoGEOTlIPE9MxwkoGqpozpqISw++WCtD105F0ZV2867WqXZViFBXFfHXBfGXFN4SW0WIcJQraVOhwlSLaVGhwpQocK29bVtypbTQWySWkierlP3FbD+VtaofTCo3ciiU4hEpykU4VdFljvD7E2Oa1wMa0gNQxjkDyyUSV9kEeQ5HmAnta8cTStgspVP4dQfjGUHYUTk1yL0Si9aypHp5UpyKof05v9nBrw6kA8gfXl7QyDycOWsIyBdVi68S7qBdzTI1dI1Guo18jQgR19HLJxjKz41Q/nRYEbCgRhjsJrlrRflalqKc5SOTj4q3Yjn8yWK4dhJuqBM4vpgN4U63jCjxlGt4hHjJbycjxi9bwlWpyyf8HDsjIrhxZNrChGXUPgMTGpkTUW4R5NXtOanBFqrz9ZPyb5HLBWly0PXSkXQmXbzrtahdpUrZ0aHB0ednQLZ1MtoUq2hRrZ9Etn0K2jQqpsFHTRX91PpwqGBNbpQl0iGpi0skjJL26ZHBfpoXhPGU5nif6qo+yl8ScNmJt0bNa1A62PH/HL/j1roV1KELr0a69Iu4pF3FItzQrc8a3MxHihHidbnR4mK3M9HiWQptymrW1gyox9qKPEcxawSSTSvZHKv7piiqagCOoLk1/h1RpUlc1gfdGYN0C7wPcRlVoxPTSPY75Ksz8nWhfJ1y+Srl8jWr5CsXf1i72rXe1a7yq/wYK0uXD7HGpr4tMzW4mp/q2cePqxGsjaDVDLJQVGcu1qWXw8tIEUTk6FmHRhroTllxb/AHUFFUSvFkuJTOHru9bZvK2teFtW8Lal4W0rutpXZbRuy2hdV2NIF2dKhS0yFPTrowrpxLpxrSxaWKoadHE8GYvPVg8sfCHCWmynUTHxNpWxyFr+pGHajDmKoy132Mj4JAtD2xxukULXaauPXX2W3hgYMNiQ5+OWB/j8ryrxD1aGeNodTH6x4U1I2Vj6WVhFPO9RUYCEP20/288OZHw+C7Qh1JFDSHS5gaKGHrX2MoOCZjGoIOC1BagtQWoLIWoLdsC3dCt3Rrd7Vu4Ld63et3lbucrVxC6uq6h39GsbpUH4xEFU5CLWFPEbS98eYmZdJF/TkZ5aG5MERQp42Gpe1rJT9aivnoqjcNyQ4jugW57utz3hbmvC3JeFuO8rcV5W4bytwXlfPXhdrUrtaldpUrs6pdnVrsqtdjWL4+tRoK0K1x1tJUv600dW8dKD8Y3YTZMI1GGzVBeaOGPHiNxmHSedTqqEAU1S5CRSODxI/Kfa6yvj21d0OGbs5bYuybwtditq3ZbVu62rd1tW7Lad1Q4RupW0Lou9jXeQrvo13sS76HHfwLv6dfJQo3GnVZWwyxG6lzK6rhqY4xhNQVQ44ZHlrKwMAr2vXcfU1zGuqKzWGZYWOyHuKbgOhvEccYvjU2+04Hz9MtwU6+fpluCnW4adbipluKmW4qZbjpl3VQu5nXcTruJ115l1pV1ZF1ZF1HrhxncVzrPSiou9uibQVFEaRjUPUvmUS+ZWOc/TIDicNLZMt1tcJdbaRx0OV1kxS/5NmtWzWrZjVs1i2bGtmxLZsK2bAtmwK3cOQW6eot75ZW0jI1Xw9WHGCzCqY3apxUxujlaQG6nOaSpDEF1sqmY9yZH02lM4dhrKccI0Cj4Qtudn2lbPtK2faFtC0LaFnW0bOtpWdbTsy2pZVtSy/wAM/wAfKe0Pa1oaJW5BCrIdE2MJ3kPaHjptbI2kGG0gcamOBhggUTQ0zOT39NtsqOpCEweOWFhYWP491Cu6hXdQruol3UK7qBd3Au8p13lOm1MLiDqJ9SxqqhEgmY5jgcEsUzML0tWVGz7MjT/CllZC2Y6zahikjdkA4Qcsp9zoGO+Wtq+Xtq+Xti+Zti+bta+bta+ctf8Ai4Ktk8tUxoCwnBTtwaunbMyZr4ZmOwhoeJKaMoQMCZGFM8NUs2lVmZFaJmxzUulkMBGJ3vgl1s1U7tcVfbqOuZe+FpqZn8toUC2hb0OELetoW5HhC3rZ9CtoUS2hQqPhCi1QRMgi9DCcFI3KlGDW00dTFU9ahlinY8a3IuKdKWioqdRbklo1GobpdTu6kDMhVTjPVQ07nGlZ04hyqeH7PNLtayLa9kW2LItsWRbZsa3OFudbnW51uZbnW5yuH5qm6JrQxrfR5FOClj1AsIVfSx1MFZQS0pbUVDV3c6c+SQsCz4Z4NXD/AE7KSaaP8Y6b+pFGGjkPWNQ4jdWWt+4alDiOpC3JUrctSu1qV2tSu1qV2tSu2qV21SuHOH5q+eCJkMTk30EPSIRAU2gIvY8ywRTNu1jLBgpoQb4Ppg8tZ/QsDv7EN+kXJyHpvoe7lSRVlPcbTWUlX2VYuyrF2VYvK8rysnV5QyT+I5foL0ZZGxMkqpJFJ1CggUyRe1e7O2cEYcFjzC37uOFYRpjiagMcpE30PZ9yenesuQyvK8fwa3UmtDR/D9lXEl0gDk2PUu2an04WktQJao5GuV8tPXWMENUQ+zgrD9kweE30/wAyNR/Ir/8ALz9Gehy3Tcluq5LdVxVnu94udXEwRs9/xcsp8TXO6QWgLGE9qc1OYnMBTJZIlcLdDWiSF8T4WohcN/8A0GD6D8WpozKn+ym+pPw4hqpqG37uqlu6qW3bstuXZUvDN0lntVvp7dTZyf4lejywiiFIxHwsApzFpw6emirWTU0tPIAuHW/8rjw1D3D6Ht6KYpPVdTirtu3bwtv3hfORKjuRqpGggPKA8fw9FEZ555kKRiczHIhD3URCqhLXMdw7/wC9+v3KdLYhhg9ycme6hRfhU3RtLN85ArTQVFxqrPboLZRoD+BRR8hh545O5alnKwnMRbhYQV1p9bbC7TdGJyn8gev3Lyb+cw+0P4/+QaXNPkq3UdLRNLsIEoHn6/jlF4CDwSiFhFqxzLcrR5LU1dsKW8hOROX8pOQ/OZQq5UsVZSDhmzkRj645OGU15Cac8ih7WcJ0iLspqafCIWEQiOQRCLcotU0QkYqiTCpvLyvZK/X/AGTH6wo+QDhMGGu8lHwiv0x69p4TTkSI+C1NCb4WVnlhFq0ohBYWEQnJxy+mZpZIcCNHl/2y/wCqm88q+rbTToj7EkLIch6/WSC1y9hv1dIpB9o2oBFFArKzzIWOQKcpSoo9S9CQpnrk3/c//TS+gp4GyPPMjK1OaRh6kaQo3rLS5wyB9mv/ADas4Djkjy3llArUs8ih7UnmWNuA5OOXj1yH+7/rpfQ5O5lFfqneSpmhrtOXfo+H+3hP9KL1/AOKJKBKJKygSj+bU/038uZ/2NP1g/Ll/8QAJxEAAgIABQMFAAMAAAAAAAAAAAECEQMQEiExIEFRBBMiMGEUMnH/2gAIAQMBAT8B6OCyxujULcYkV12bm5Ymxq1sWbEaI0yS2ytlFFZ0aomqPg1R8Fx8Fx8GpVwYcHKR/Hgke0kKNcFD9L+mLhe2a3Rq/DUa2a2a2UUUUUM9MrGrJKihIRiRTQtm0PpsssvJnpb5ykULKXBe9l9OleTSvJpXkpeSv0admGkojxW2W5MSNx4qRepDpSHpNvJsfE+JWdZJXTZWxJyXYhOV/I25MRrwKab3RBfhOPyY66bReVlnp94v8I7ok2mbtk5dhqzkWxiS+XVoNB7bPbZoa7GHJwvbZkHsOu5s+9GlMoVE2kicbdmg0s0s0PwaX4LZeViZdmDJVRLLSlumUiD8nqJfH6qKOCMmnYpKSs5HGii0uTElfI1fBXTRRRRwJiZGbiRxLR3HI52ZiRpi2H0+4zWzWzW80zUKQpajk5Mah5xbXBrZrZRRt0tiYn4ITTWxFHqV3G+hrKmcfQmJ90YE1P8A09R/UbFk8qZqXj6kyLp2iU1PDtZdsmdi19l0Rm43+jHn2yWTzTG+p5c5JnYvJZvJdTH0LL//xAArEQACAgECBgEDBAMAAAAAAAAAAQIRIRITAxAxQVFhIBQiMARSkaFxwfD/2gAIAQIBAT8Bsv4Jcqso1ZE/BqLZ/kT5ZMlGlGmJUSkSqiEm3TKQ2MfkUijoakWWajV6Nfo2p+jZn5Rty8m3LyODS6ihnqcWWmJ9Q7FxGy7HJoj+oo4fF1m0vJto24m1E2YmzDwamaiyxt0JH6l8ocpZGcN5Q8pCXx0Gg0mkkqVkMqz9SVkgu/JlEexWCkvjqn4Zq4n7Wap+H/Jc/wBr/keusr+zhy+0m3J2KGOovtXPabK0sy44FHiejTP0aZ+jTP0aZ+jWajUaiWVQrVovJHSycFWD0Lh2ONLDJuuopYQmy/hpZTKZTKaOM8o6EUpI6dCK6lnTI8nDi2kxJlcs8vqF5R9QjfXlH1K8j46eLRLTLqzqxYEmaqMliRHjUq/0bpum97/o3f8AqNz3/RgwY5SpqhqsnEjmyJVZEzqibOAvuL/BZZY8k4WqHGmRdCnY5N9BpyZCDxQnQpJl/DWjWjWjWi7KGSgpIcNLE8HcitOSM8WVYlQiy34Lfg2IGxA2OGbELwd+TRQ4p4HGhjwjgyvAnXOUU+psw8G1DwWX7Fn4dRIaGjiRaZLocB9hIfNPlcSl2PX4HE40HFYOBL7qKO/JC6lo2ZfuH0wV+CrJRtZI8Pb4ueS68+5pl5+XT42dScFLkvi+S51YlXyuzvzZ3KO/wXJnf8CGPl//xABEEAABAgIGBgcDCgUEAwAAAAABAAIDEQQhMTSRkhASMjNBkxMgIlFhoeEwgaIUIzVAQlJicdHwQ0SCg6MFcnOxU2PB/9oACAEBAAY/AuKs0WBWyW0dFpVpUoZkq5zUq8V6qS4IuiRWMb4lSbE6YjuCd0UGG3umpdLZ90LtP1h4qUWDIFTfNn5i1a8BzXBcFI/vzVo/fvVpXFTFnVsVUlX7LgrQrVtBGdXcrVrAmSMKi9pwtcVONGe8+J0Ba4sTXSMzapoV1IRYEQsd+EoMpYLvxrpIZBB/Eq3NH9SriQ84VcSEP7gWqY0DOFv6PzAq6XReYFfKNnV+gZlL5bCl4Kqmwziq6Y3Aq9/AVejkUvkR5iuX+RVUNmZXOHmVzg4lXWB5rcUfA/qt3R8q2YGRNhP6IN8GLey9wUSNCiScPwhXj4AjCfSew6o9kaZrWatRw7JR+80y0VaJro3GpSPtdzEyq7xchV3i5CqqLGyFSFEjZFco2VVUKLgrlFVziLpeg1SB9pQ3vhuD5drVsToYht6F1g4yXRxandSpBzVWnt+8KlLTLRJ/BMjNp7ix4mLFfInku1Snq8PXajxCt5EzLbiZla7FccyrbP3rYGK3YVTGrZathq2WqrVXBWhWhVyTxVPVqQ7Qs701zv8Ax1J0aJW5xmVYpqRC2VPVVkimudwtTqqyjqoiWiw6Cwl+rOYlwUpvK/iLZfith62H4qpjsVsHFbvzWx5rd+a2At8/Fb1+K3r8VvH4rbditp2K2irSrU5sRgeNTiujdRjX4mShUWBCa0trMtAq0WBWDrWKYUwrNNi2Dgt2/Bbp+VVQYmUq7RshV0j8sqqh0jllXGk8sq4UnllV04ZPVV0/4PVV052VX1+UK+RcAr3GwCvMfyW+jreUj9+5fKGOi93aXykx4zWtE6rP+lEi8Cavy0B3tJy0QXdG2oapq9Fu2rZbguGC4K0K1W9X19V+/wBV+/16nHRquUYN4jV0z6tXXKKiwzLsuqXZAl+en10Wq3qW+at+JbTc622Z1vIXMCrj0fmhVx6NzQr1RR/dCvtE5gWpDplHce4OTGtewkxNI6lvsCNDnOD9QisNNal0NJzq7Ug/3Fc4/NVxi81Vf6e7nei+j/8AN6Kr/TRzfRfRrOaV9HQs6+j4OZbRx9jrPIA1eKgNbs7U+/TI9SoewKKI8NNi2Sth2C3b8FuomVbmJlW4i5CrvFyq/eSvhV9Kvjle3KqlPV7cr0VeSojukB1R3qDDo7i7VFfh1K0O0FaD7IqG6OzWhi0KqhfCruxvuW7h4Ldw8q2GYLYZgtluC2W4KxuC2W4LdRVuomK3MTFbl63LsVuDitwcy3Pmt15qIOj4V1od+gKZVRkFU5VOUiSu1pmVVolO3Q5TYZFb4hVR3K8PV5erw9Xh6vETFXiJirxExW/fj7CwrZKcC0yITmIITsXeFM6JSr7tE9ElIrgqgphVohajIc3FVUeZ/wB4VVE/yN/VXUcxq3DOYFuYfMC3cLmBbMHmL+BzF/L51tUfMrnR+WP0V1gcsfortByeiu8LJ6Lcwsq3UMf0rYh5VsswVjMF821hdwTIuqA6aB8dE2ktPgvnHErUmi+J85VIVqcqkFOWitrtVRNUdk8ZJuoXa3FSc2arQaF0kUdo8SbVKYVvmrVarfNfv9Vb7aLMbI1ggQgq1rBdmclJSNuizRUpFdlqE9Dauy2s4LgPf6q0Y+qt8/VWq1Wq1Wq1W+Wi6RuYrnF5quUTmq4v53orged6K4f5vRfR453ovo8c30X0ezmoQPkcNlU5600+YZs6Bokq1VJWqzTwVYBU1rWAL807oC0a1sxNbxmRVRWZFv25Arw3IFeRkCvXwhXw5Qr67AK/PwCv8TyV/iq7xchW4iZVuIuVXeLlV3i5Vd4uVXeJgrrFyqujRcF0zaKTIfaqTIr4cZk29poC7QcDwqQPU1QVKemSmDIrVdbokQpBa9Hha3atW4GZbhuZbpuK3bMy3cPMtiHmW7ZmWwzFbMPFfwh/Uv4WKlqtWwxbLVstWy1S1WrZYrGqsNTmMAs4LsngpSa3sVVKWmU1NScTNCvFWraUmmaB0jXIlOuaDGRobWiySvLFXGZit9DxW+h4rfw8VvoeK30PFXiFirxCxV4h4q8Q8Vv4mZb6JmW+fmW+fmW9fmW9fmW8dit47FbbsV0URztUt710Ri0gTs7SYKOHmLrhoOt3qG20atZ8VNVKSkFwCk0gqRB0WKSPhoI+8Ze1v/weqv8A8Hqr/wDB6q//AAeqv5yK/nIr+7Ir+7KFf35AvlHywkSkdYBBzKdqM7tUGardr1zRaq9Gs3ipgzCrbWpAKUjUqypMYu0vz0Q4lIixGmU5NPot7SMfRdqJSM3otulZvRbVJzeitpOb0X8zn9F/MZ/RbNIzrZj51u4+crdRs5W5i5yrSrT+/erT+/erSrSuK4r7XmuPmtVwJCk0GQU9B7nWaO9GpSiNqWtDjyBR1qQZG2S1YbQVrOFaGjW48E0OtkrB+/ctnyVisVisVisC4LguGjew84W+hZwt9D5gW+hcwLfQs4W/g8wK8QeYFeIHMCvEDmBSbGgk/wDIP0X2T79JaV0b7eHipFTUnBVOKlrLxXipLWiFTFc0ye1LqcFqxKZR2nuLpK/UXOr9Rc6v9Fzq/wBFzr6Qo2dfSNGzFfSNHzey+WFurBAkD3qTRV1NUroookeB4O0VqeipSXiu1WtSN/SSmTn2q1MKbnB7HcCvmyQg4rVpMBr/ABlWPenRqETGhi1su0P1695iYq8vxV5firxExVVIfmV5firyVeDigTGc4TsCbChtDWtEgApdXUe339y6KkDWZ9l67LtPcpNxUynlApsjKyWiX2W1aNUnS6NFo8i41ycQFuDzCtx8ZW4+MrcfGVuPjV2OKuxxV3OKu/mrv5q7/Erv8S6V0HoqOPtT2lIdaWgw4oqRLSXAceKkHzX2cF23aZ4qdslCifhCn1i01goRIY16O6oGeye5bHmt2MVuxit03FXeLkKu8XIVd4uQq7xchV3i5CrvFyFa9IY6FR2muYkXeATYcNoaxokAOHsKyAuxWpPaCjFolY4t6sk5htAq/JN8KlJDrRKNGE2RB5p8DoYkQCxzWGRCukfllXSPyyrpH5Z6kvY6zl2ewPNVvdiuKmu1oMejCUUWj7ykRIgyI0hA9yfD+7EKafDqnTrDqWBWBWBWBWD9+72DRw0V6KqtFVYUrD3I0mjj50bTfvKRFY6j28Zj9EdIHWsWz+8FsrYo3LWxRsi3dGyIQIMGjfid0dTVKqfE+w1pV9WvRWu122+aMaAdWL/2ujeCCLVPQ5nv6jj1m0yBBY/VIDg7uKulG81dKOrqVdTimsiQejYTW48EIMBv5niV4fUZtqK1YnZicHLUePXQ8/8ArPUJ8eqVFox+2whXJ6uT1eYeK1IERrzxlwVdZ+q9G6p42SixwrCi/wDH/wDdM0OsEYUUcJhcMU2DAafF3ABCBBH+53Fx0T68vbfKG2jaQH3mkaW/n7CBTANk6jtBh0WEIbbTLj9ZgxAPm3Gr9NLR1ginQI7ZsMluHZz1JhV/VdU8CCPcdEgietNHRLRLqdykfqpPd1joOjUe4iYnx0T0yPVl9RPXKOmZHDq9401q1VfUZceuUfZSKqU9FSHt5+xP56f/xAAoEAEAAgEDAgYDAQEBAAAAAAABABEhMUFRYXGBkaHR8PEQweGxIDD/2gAIAQEAAT8hvyPEiuW19o8FeJBKV3l+4hgeFV7xOVHS/eYqVxxKcj1ohDZ+cQruFxc3KjWlgtsrMAKuytL/AKhXFaZt/sMVunGf7EboyiY84Ogwgb/bgoZuvf8AsEgir0IqSRz7INUDLeT0zEj7Y3+gmUp1Zins0xBsvTP9mfM9HEIEAxV3mNcfs6zAUpd5hW4WwfyWCh04/kQaKb0MaekxrXp/Jr014CdB44iXmepj1lIsHd/sAVSN8P8AZWsfua5r55yzP995hwb5Nc+sUl01owMNuV2l6qAvL8JkVjo/CIA3kfNptZO5BNIOt4j1COo6X6zZaLqy+sQzn4vvMYFtl94G7iKUPC4n6xTXYgMtV6R3VGGLOqtpXdC04YYKTcOswzT/ADAjW3dEVrzCFHukbVLXSU7osZJLgzprRNhjkGNLyjGn6Rpk65042A1Js9C8ceMXkyw1bVMEFzoKpe3h9aAwDjUh1LxQeE+ekzaHivaVPqHPtX4E2Q+HujtHJwG8395nX5/GICgVxPnMpqJpqekpQspU/UXtPjxLBgUBtdwuNnKryypapSUckMQEoaFJxLK7Ui+OYClCiwi4Y/qKlFFvMdWtektaRGM6MWh/6jaJ2c+afqfBP1Myv5cS7G934kdaZ0MFtaTDdXeoWNw6am+8spGtZlta6GGy2U/BLQbqZvELUfiyBTPEyP3IUU678MTp7B6HeY4c+k0SYj2y52I3LgZTIlQRrGzWoTYNBu58Y6ZHmoHfZOJ0h3IdOuF1H95gAyjBnLzrybebfvEhiO73lPL+MbQR2Igxk6EtsfciF4TfEcsB7EotbdqmEaHO0ugR20gRl5iWcodCmm5lpY69Eo+rkOCJ6peJKQWgDlzFazhCbl8dZvyOpuTh4wsGBvDqiEYWOjGmaziWNp6RuVu+CP8A6McmbwELFtZomtI1/wAR5mG/HmxWrQ/vUNGJ17odvzwg0QAo8yWe6i+vmJ9kn3Sfb59kn3kW96dd5zLeCuVxhE1CYFLreM0VHmQiM1oCxhJYt0qlgTknhKEfg4uMQ5lNVhtaGKhDe9QlgCMZuDaIXBuChFajrBtF5T7FPvMt081LdX2kNony4gmnwOk1AfPiDaJ8+IfN/wDIqnkpF1JfbFlLXQ+8yZbtDdSqHKHSG7+LtN03l7SnXzIrR2X1GfCFLpUYMC7crmr+CF0GA8oLttxMKXcpQdJmNrgXneGuIjUrWDukp6+MJcWkrUqrWkGk2hJuENh1iRZyitTEU0E7X+pvxYLsBqMXX+f7Bp0vD+z4fuLf094cnzzl7C4go3gODzPeNrSAt1jzi21ecF1r6vvL5z/syu/r7TO7R6fyXlt+X8ldROK/kqLEAGMKDWOJqiNC2JpZCtJtmpGFVduMzqjKE0reI0U6sw5Riala8RstNIFI4ldvE1CeRQ0Gke5VOBomdTkmtAN6e5AdGvU94FYu/E94Xezj41lK1o2z/YBaju+8L3/1Ndf3MF5rt/Jb18v5MWr57zTp8R7z+uIVZu6n3gBT48VhoPWKlfF9JxwRTtzwJ3wKWG2ajUrwjrNO5UuSVGTymQyGsNR70UxNawbNKRFCY8ZVYrnmZ5k1El2EzBTUdjL+GGRh3lZRe4JU1/KCde7w7fz9oyvMyz63uo9wuHY8X2IvQO7f1PucW1WHkf8Ashi/1rolChY05PwUKjRHaZ01Q7QayazU1mLQAo4lwbitKuLxCJauIrZC/wBTNm+8e8zJdzv0yk6CxlElTrIPp5E+4QXRvHPtkF95PiH6n2mFGryTUGPCdP8AKFWfRjcaO+SN+i7kKfbnL8fGJH+jUwyY5he6B6aKCazIr1llYmGhkxCJeIjUOLh2sDmJtWObl2hxwS7Be8Os6dZRbAqoKyFcQG3lLBb9YUNQ0dyBAuYL2Qx3SFKHS9MVJU5MK6eXg64ASjycMw8jPoMr9jPqk+sRvx5hH+Ome7/BAXHmEB32bXjxZttZYdpzjtMhB0WBa/qLcxgiZuGnDiYQYJjFsgSjerzBW6A3GX0/Ga4prEJs+kAYKxrL742qWl24rk7Q15PRM7HWUSYGXRIYRWgjEjKW92P9Ofay2RnH/wAAOp4Z9dPpWYatuKxcvMTLW2NpSOsaKwzLxLEUchkSJawEvma00jbUUG2GkuMYxWowQDVEWGIy0zVgV4TVi3eWSBBg10g16qqU+olg4MZCPZaLo92Lf7QDbPf3ILtd/fmXQgQw4eOn8u0G3Hz0n2H2hoAgCyAwA2uwgS0Pgisx5f2nH4J7SiqOuiaJh7ZVp4R94BJrIQBhjWoU7aSkkzqIAEvJpcYum6ioRb0cQ4KF2MyZgp0YmFUvjOkMFNbzM3XQjqAmaJQyoaUgoRUpWSuOImGjLXEejeohgoDgIxxvFRVifJHQvEwADgqUNvk94hff/YJt6/7Girv8dZ3esKaC8/7ORX53lBz88ZiNcHpCq+oVWh5nvPLzPeXtR5/2FmMV3/st0/f9m39/sUb+r7zu/wBh5k6Q6kIvVt6MQFl4UslVLxkjK1mhGLlXusyJdMs19YvWFa0veZoN7j5FsM1FwLzoku1SdCATFu6qVGsVMxuGrVV9Id+hWGlDQWsIdB5vvDOjzfeLOD5sPgZyf6nyj7T5l7TueT7T65GCdvxf5jswGfI2fi4v/ZH2eG6/We0p/wBStpXSoF1NVlN6RSVeWzEW7NYxnWGRVk8ofYJZB3MYgDjQhVCq945jxtKUpjrEkyF8o6ZDXEqims1L1o1x0NYFktqNQViA6eSjdi8E4x/EEr8D0i/Ht7UW2+3txb53pHi+3sT6P2T5R7QQv4naINPnoLp52ffJ90n2z8X+9QwQDpN92wmDPWJUdJ6Ng4Vx3h0WTF1l6zVtipcMud4dba6zSVbNWXfl6vEr1Z1V1ikyPMvAb4hgAzrEtSyIx3kGWrev+zPQbw9waQRXW1UTeao06BJr5/CbD9/4mWvg8Jiv5vCfDe05j+ek+0+01zxl7Tq+b7QppVNy55S4cbFnPHKdD3qKZLvWJ1pvpGymi6lXJrszKd20bNw4GWavitIFNg3peMMoIbBmoKjMNikFRqiI7tYGB6JrAHMK6WusZiOIr5LQImbjSLeVpCWDGwChWioGEKFAJufMIYt8tZxBDs+XmtG68eOfk/45/s+9RXXzk+xT7FPt0+1T7XPsc+2SzVReZClnGOFNvG1esvefSVLbabHlLlLA5N01bqidCJCzgt6RimttTGmzZdI2E+FhaZbpeJeXWuMxGWxCslIaMUDqqiHMIhpAHTX/ANLnziPnEH00db5IN7ynvPq3vPqnvPl37nzj9zBsOgBfWVfgMSdysoW+UKGGqv1YTONx4SCYw2gwHzgkBjT0l7JdI+axqbzXC1aEu9UzBTcaQ2lszd4VlMst2qC+M5S1pvEQegwF82szcp4ZVpfQT9Q/4bDc6En2j2nX/F7T5l+pyN+NO3+z7wfvYH7WPjX3l/a+8vr533gvPnfeF38P9g7Dz+6K3zURgsjQLY9C1jXSZqpUkpLXDxHTSwhLaKQYcLpvaOb+1MMzryevaX18mhcTIeXMzlBaHESqKuWtbTrbof8AYmekZ2Yii9HKgftOMz8bSuny/kp4+X8luPzwluPzwnxx7T4K9pXT48Jj4PaY+CX1PSck65/JKcPz/wDyPEfHibvxe0+N/qFvw/KdP/CMYweSg/4Q6GWChUHnUxWzEoY6jQc94QJhgWmm8TWVDSUHEOGZKLyg5BfJhGeWsYQQ/WtoN2Ab00VtLqKoGFyYzLFlHcgtmF8CX3Dza+0Zk7TbD2fwVGVLDDV7yU++jMvvH/ldksk19PeYgg6ZZjnWbCQbK1iUadk1HkmSJ6YcnXpDqK1tNmHVl8a8IspL+B1ZiDC6tpGJbR5ME6emgGZ9CMKvXP7iqTVwbeOtQ6QzQHILo8RxGTDH/E35AZgZyte70hKw/wDRv+U9preDj7SnnyftDe8r7St/he0OS8HtG/FPf8OEYdlNTi4dLgmAhX4BKuVEZ4lF968m5ckV+3YjUgHNjSawKkVjR2l7swyrpLF7d4FoadZkC9MdOf8APOdWYoSVLoqoErCuWjFxKFtodtYSMnaIFxHLzMCnb8ZlzO8O9DRD4p/s6z5dZ8fvT4/enQ+f3/Eaw0lerPfm3KLd0tKMGytcHvCggBiNc9ZRL2NZtB+UGIpxLxqMJqPJM4AsKHeCYbTJcVoEVxF0TxZRrlIUSTGrZs5N4lzhRE3GVEzpPaPIO158oAqytW1KAax55JteyS1e0QLoUkcU3IXyP0zpPPN4/HPtc+1T4Z+p8M/U+GfqfDP1Pln6nyz9QFdle7k/2UQ8NQIrIJ3jpNrj8m4gzCdWUzBdLNA8rqS6Ys/vI3JVOiO0y06/hDEN2PSm8ssVHfvPDWWYxbdmYajjIHhMhJqQJhMu3SZAe00bnmI1BonWaxOtNhoT4L+p8d/U+G/qHZ5PvHb7+8vp9feOm5S9Gv8AZ4fL+w7Tt8YYefxXjGNUPMjx6CatF0hJl9YFObPKrMpoefeOIYD5TGRA+5w4P7ishBBSPWF3INGLmsEu02MXtueUBi0MPJeIyUZLeKyhRszUuLTv+I0HDcwD1hapqZJgMdvo5lheNL+ZlfHzxj2/PGD9D2mPq9pj6vaY+j2iKjrOI476RLYaSo6QsrBZjwmaiC66zEwyoVghL1u3UjiJ3GZvsF07R6jyLDCqYF0+Y6/7MxwlIlUwLK/Ex0m0XUg8fpDtDG3hNTviZRcXvBtMe4qaU4zHM0Vuqbl8M7Butb8GDn0R4vL+T5T3nwvvPi/eFqmF1Rzr6bwgrbAq2aoH/HKFiXybasp0CHAR2pYYhNgjlupNNUmjuRKrBvs94GavJodxz1idbYJMhSeDFlbaO1wSjxPSmhOsxJpiE0JrHmZsl11h0jEM0vex1rzn00fPZ9+T6dGeVDjDd6wHpz6vLGjUB/yLhcbiE6MwbMUdMQE0lm2XEcPXDNcIbkrDQUR8xFbhNE0HJCxc7YR8w/cOHaUpJgr0SZbxT+LZNHaapcLr+5RrRq7PPnU4E8T3n3Z7zB+lPEdpTrxCN+pECjVlVP8AhqDi2/BCVWv41fjE4YG8fIiphYVQ1FljI43iOLHpOIC0y2rrhCkvM07pe9EoX4dk4efx6qus36RXi2hFbot6nwZ0IK0W5u6Vlox1fuF/FirTb/oVhxNx+EjRuJLbS2X3jB3FMNtIqjODjUi0dlRNzmHbY9Jv9TRWYcYmI5EJhCdhNooLDlLlfCsZqtk6Onqes6jGt55C6rllinWKK9YemPy+SPlBm8qYE1CVuom5AYjSvxKIKazWENIwcnBLvFRqOS0MC49SVMKmJcLWKVSbS8sXjCPOdPXEphsMzfMS6yNlQo/M7zVTILbOsMEqWVMBAj8lVOYxIVcENcM0E27VLAzD+BiyLxKbxKJWjKcsoWTJAQVhWyCf5HdveUjIyyuXSaJdmZW+k3Ru3NkYALRGPN+cy6WGSELGnX+ygiMjMDaJe6OsxcbxpsNuY2jpvLtguVZhBP8AUN5CrMFS4rynGHKYiGWTkxLidExKOjGd2Wy2FMvHNcdWIN61n8xyZtNQeJdTfDNQcssqjWWygErR4dpcJ5JoBcrJdPEvfalLntNDycSw0qUUXcTa3mgZb3EolRcRdXEjrL8QjCDcT8HZKTeE4YDQhDnk9oyt0u3rAMBLmoAvN4mWbo2mfYm2QHEqUaB/xPUVNSIEMNdIJcQaAktgWHJKpsJpHhshom8PSML4XRnjyEvF6S51lnSYdZVgyk3JVlmsJ1jTpMFv+CB0mgQyxiydIZs4SY0vSYRmqMGbiaprw7RK6yAK1cBqhq8QnPi7TrUFNTUi5mp3m8GXLb/AvTVX+MKZ0IV6jE6zGNR/BN2Km9I15ouqBbCf/9oADAMBAAIAAwAAABAvCxyhYrWJUixHUGQgn31o3iHvJ3XYPaQifZYHh/CesMlfJ/zQ+WwJFIVxGXyE15DK0xmDXDHq5AqvW76K9TV8pl3Zy5OGbEP7Dy9hJpL69g6OS9dljjvsR6GP4ByRU7fnz56qN38NXrr03cU4v5zJRxbXgEBEuBSXwOqhHdrrAcHSyyL3q8Rnc8HrHnH+8HxobamPIy6XI4rowiSQz7cgGNBXhWvs0aw8u0sOvPGKi/zDzwf/AOpP7nQ3fvaxMphFq+CRWH7TrqurIO8cYMUsGM7NDBjLmgJIgcsAYAcJyb63GPDO0MzcEgqEsok8+mr6vz64u1I8Lu8kE80oxZERPkDdLUccQfQ4sw+f+wfTs//EACARAAMAAgICAwEAAAAAAAAAAAABERAgITEwYUBBUXH/2gAIAQMBAT8QkJuBAjDIQTvWatBBcNwrg2YR+5TwKSQIA+oxkAlajFPoMSobKKF6VyPyQEibTeN3kTp2EB6RND1jmFM5IQj1AASYJJnFELkERRE7wE8ukB/ZfYv6eEJglMkPQB4KiEWAni4whPEA2YoFgBAoRKKbD1ss9B6MQiRAqH7BruD67F7lMIaaj1ayxRWUMEDAdBc8PADQuhy4ylKUpdhZYAOFIVqQlwxYPXZZZeoAXAdDUhwj5aCEJo+tYPR+QTQaoVFdQPbrjoeqMWAnKcPgA89sXwkIXtqD6wcQQ38Aw2H0n3iaQexh2wXwQBdeAB6k0mHQWFl//8QAIBEAAgICAgMBAQAAAAAAAAAAAAEQESAhMWEwQVFxof/aAAgBAgEBPxD6yFCJoNA0JnMRF5jF9KQBRBLFQq7NbCcVKlfSLiw7cGSbYGgy5CdygW43yPeFtSExjtisOucXZcvIW4T3hlEoEsTLAkKlZQDjgFCDC0w7KImo0axgCAdALLlhC+QXkQmmNpwE+6C+EdMF0QVCszAVoJnoLzCYJOgxxZlUOoUxZZeRUEpwtqhjSJ7Cc22xZ4SJQ3CoDsmAgEz7BsNdlixN6iVBUiVvD9/w/f8AIH6Yr9YJqAMCokdi4hrKJDdxK4UV4RADkCQ4sUAW+BxnkjokOgdOsGDqBApsNG3AAb/Jk6TpkRZBKbieSCMUAsQWQdxuyAuG2BKpWRrqyFgCgJVAvCNZigKLiWXg5hZmXHsbyH4ADHrAVkKCL8IQuR4r/8QAKBAAAgEDAgUFAQEBAAAAAAAAAAERECExQVFhcYHR8CCRobHB8eFA/9oACAEBAAE/EGiUuUJXCbJzISU0BTgsKFgSHBB1tcJbYHQPBj0AcWMANjwDa4AJkATUtSAhufRAXO7vL2Bgf5rMJB3ArNZK0SGuJIIi4COPzAUALBGEBpA0A16AOqCKmLFAoJnRAEOlhKVKiED+QLKUCQYFgQGwrSFCNGavLX+BrTQ4V2EigYFAIdoBFuACD6IMQjYhNQAahgCwF4AGtCKCB7OgJGGnISSegT/zdvbldwBj/Fs1HxRGN/PYUk1KuKSAEjCNwOASgjEbeIIrHpAQzNTUXIuUG91BHzxesJYxpkQ3NmAElQ2Nwiayi7BNrzuAp5rxaDjhdd/4XrdbuDf3RRKzJDpKqW9mLCKmn5BoLGAJzSTB9GgJCwJQAeIMEqRWxFhoSWvQACgWptX0/wDX1F/jxwAn9kEEkV606nWrHzjwE0AnYAIoXwNw00hTse5EZCYuytBK9zNKcXeTSPLsBGChGErspbkDzca4EkStflo6E5HC8IQEIAT6u7/3rqKLFODNVEUpLRcLB4oYF0vsLsFlGG3O4EGuT4B76A7j/H85G0TbqHg1uLEEEBZUy3LNTSAVenIJAnwhHASFpswSFbDLojihPQKgFo0aIAz3OV3mD37kxYZCCEomgIanBPInoAbIfMDiISTaCKhoJv189ctJ7LKAsKlqI0D2BL8Q/OPuM2+hT8pKImGHeSsYZ5eglwa86DzAsgSevRovCP08a/Ruz7gyHvKCf7rQgYUwEAAv5GKiBJR9mNDgcikRaGwqtBBPcO6A/AOdgENJAQDsUmx6NxacjaG2JjE/HgcBZQ5dkXgRcj4WmjPEXxrA+JgjCkItF5Eh00BKrQeOCLwZIXmeo0XjjoatdKKISF/0hudL8gBQLKZABHLkv8QA+aQoLwDBEXvhEA08ISgCWC3+wRsBkK0QANvSx3TmMABzMYRZezB0IcElgXshPxBRDp90Ezc/YIGfsHbRyCg/qLIBOggZAhAR1AjQNwCQAVHyC+CwPuT8BIZRFp5gMgCcAOMDLqDTITHwAD9gDQiVSIlLZIPC69/oADoDICkwCIACJYBtoAmqAI4gc7wECSnEIINa4ndgBBuhQq5jC4GGAAKykwPZp4jID00JKwgb2iQ8tSW0NQIMVA1gIPIsABmwDMIVZ6QBJAbs/EdB52EkkeNc8/6S4k/Wew/+CVCWerA75GRF8gX9ABRwE3xn8PlsYYy7my/qyFM+jYQUkpGEIczen29yCUQBkT5NEgEPSrAFQZAjEQxQJC6oWoNIahiZn8Uyh6hNK+GDtCZh3nsYTx+AmEvMfwYyWXwHO0TPydpduiXYJhg17gBi5HUJGX1FoM5v6ErdgJhwua9EAbBgpQXRAOBPOkJkEcI+OH6QHggBASLQANYcuPo2YABB4gBtQ/fColDgTTh7AsACaQrKA5YKOQPE6UelckgfwJjmBlnLgn+MkcnRYYAZETNIizoSAhcbN6OAUTAl4/ABoQASRHoMJlJBdyA1IBo4FSMiXUDCoDJGsJ9rDPeXY7IOw12BJ2pqAf6CM63Wf2fqhvR+x/ME/DOon1iUfoyAIjgzKivsAEcAAMxFdakjh2nDPSAkAMgNAZg0GBXXJ5AcSkEiwacYhpwFlgE6h0CkgVs+e741ocyYzzCdhaiuYOL9dpuugIgDIut6szDLmqkjGM2HrpNwwgpmKMX7ALBg4MBFM0nQa7UBZDANGA2BgvSrOSsNnzfss5NQkEyiTB0hgABKzIJswNoaQZGAE7pWARJ9hQCOKgG0VQQSA2woCBZoJggJ3Qy/QJB7kABiZWFhRABB2ARiBhKAgFsALUACwBTiHR0AEDF+MwBIppiTwRoZChguj1AYBWkOOIK9LxOBovYdjWrkmH9uG8M5sIlyMu6Hen13hiLrjYzS9cfYJAfgYbqAlZQHZwB7dQcaIHMKwAEpp6DxFgH6CCoCCtgFRIAwwPgYgZ2Lz0H4k+w2eL8GQPY4CwxxYWTyMy7csy3ZEN7ljQhACJA+PYMyuXZGl+F7E1GIaM+/E8rURgcub/QRAiC8/SADlIgQOAIGEARUgCgNBBIDHMhWACLoF/gMaoCgaCIcVipWhEolNYGKnNF+DKzmtnCm3N6DRenwcfVUwn98F+rQh2rbQAcgxt+gkQ9Ckdnkaa+xFrXLAkj2wI0iBroADHXgFcOlgKNiQCUw3JKCgBoAhegBoKAqkDxHQAsS3sJAPQJkSkqICqIBCn0YGHCJBPwnINdBXmvcolYV3TX0n+IH8yWfwH8UNmQmEyPDU8E/Rs8T5G7zPk3vA4nln6eIfpGdbR6Il7tS0AC07dGCgBuhBd6gwUgDkFbByhzvv/EkbynUkECDhw4EtxNcTknGkY1kTymjdO/43yGprjbwlr+eKUOAnVOKcATGgAXbipgnDnrCYAShb1+NAIoE9LXNLajxnIBIAQcqFCgCYX1TCIq/xZ/mzuMKRr83EQFJu3+NOSX3h2PS5BYMJUDDP1AAIARW3BqfFcIONRBJZCXQAYLBAAhnKDjOBQPAi2kJBKRxYageQYgxCOYFCQAimBlSaf4CP8hHkhIiH8hAE7/QcNhVUVUeSzRKKgqoNau0PDyFUPZL6w334qPRJGgGkIDkAhBII4CDYgNaBgQVdAEwgWKAZXIL9ARYubCFNxACTTZoB/EmS9+W4Or0qkyJ/qdfT1OpAyXXw9ktHryC8EwNMFH5cB7KEAaACDIJUQbQI4CgaTkLQvU5P1ADh4IGlsKew3SlHwAEULJG2e0BjOWobHgJdySGyIzJYahwQ6JCxq8gJXVg3J2AxZnxqKACXBb3FShBIfMQgZ51lyh3VAA5cNJRMAtvL7BCcm6FUQgTyAB9AI5A1FifgJoDjoRF9AsQwMaQW8lyCW1KyLnGREBuIyQeswJHmiAv4ktl/nSUcaPyBHVSCBQgDBi3CDIiVZOrE5Kh86BNKyP3psE1J0QJMGGWF6BeACIuGUAa64sE8cAYqXICMjiZY6CDNSeZ5PYjQIeOfhmPMbHln4JSiiLFL6GPFkScIp0BP0oAnLoMDWETD3QusOrXARKFMvLKboPNuB31ADmzGV+g0kjKZXiiqELYCSzIAEVgAF5owCbIBEh4qjGEGgFmJVhkWlg3IpuF+K8mZEhCMSHYEH+AgZ8gRYL84BVOu+C7UsyCBcB7Gn3NPTuJN7IA7HKAgEfSUcVoDrh9okEFDeKACRRoZ2VKgAFgEE9YYc4ASBD6LPBjQ8MnxNqIGbQegHU8egaWfaEaLWCqV5v1HgEJKE5XMdO+gkQIpyqkrW0NXagA6m0QGTiYIPnXjFhqrLCwAINzAAA6C3JHAkgoKWAsEQ8AsRwBEhkgQBdl7AERXtgBMYsB/wBkYO/P9WVgDzcsS2YF1FDbxWWEQoao1IjT3I5yMtAhJIJM47F6QVdWHqOYKY00UNxBccdSIatTQgTMbxCN5AWQWmUu10XwCgn1MB5jRIARPyPc/gd9cspCaAkAXW0k1ubNWOyGDIqtpZoleJLIg7jROogBja9gtsBsJkZ2BMqwvraE6hvjkTAk05wIUqSUEBZlFhi4nlhR0ujcUOAWXRNWTQzssr4W4Co3QKJiFBYvlZpO4+DGyneJpqUQBkrTg0CVqNOW5wGphaoJBqhn+qECoOBQIRNNhBuk45BUGhCbAa5CwyUJ0j1di5QT1J8OSoIFDo0t4tfS0HuMfbnZRynK6ic3Q0iypWTeENToIeUWxgvyhkoYKAu6AhwRAuCNboFEyFp4GGvmIJBQ8sgsL2QZMbcx5QDygiUKHP8AkD+kWQqEwAtO7LbDc6aT1DTc7Olb06jMTogwanUgCC4iHkZKw0OGQgmEboqy2pBBjTLE4y41F8jEAm7DoS5uRArG1xLAaxDuyKA6AHC308gBH2lGdNN4GwIM+FTQsW3xRI054jSahi5TL4CSqFo0TUxWky3DiwNI9ABZiAEngxjqKhBaE94/gAtYHB8oQxFpUTgLQDJVEsAKIhgYCKmWjEti63aMUtkkKHJZBVNhQg05xQihQNxq0gJZqjNbLETJILUhN+pjrDxZuCFCRUBwh0bkAxSANZeVApKli8uhLZh2oIG2ChBvsRKNrVGWHDkqernB2GQsjclMtANMVhQlGvmmLASgksBYEqRZqXE3MWNoSFPQUMkFb8fbB6IBZGkACLCiM0gglD2BnBFfkL4Z/RVgShEJqDXgIOvemFg+qonC2zIUthtaCOAwjQRQoDxtk0OawHMhNSMhEmNSMaomLawaEKTQWEuDXSFIQC8aDQFbac6F95kM3EXALbBX+wdT/wAjK3JLBcrMGi5YjSUjtV2kJnudQRAwWwDA7NCDNxssM3hYY9hKxkfUN4b0kLNh7RFoxhSbmB2yBVvJGIpGyYmyWJIGewBCE8DOD//Z',	'0',	0,	'customer',	'363913',	1,	'2018-07-29 03:03:25',	'2018-08-19 01:23:41'),
(13,	'-',	'asda',	NULL,	'test@gmail.com',	'$2y$10$9q9NHsQXwSi3kzSrSUUcYer6Y6TYB7jJJg5YT1I062hKl5BCUSDWG',	'0858878787512',	NULL,	'0',	0,	'customer',	'542213',	1,	'2018-08-05 09:48:56',	'2018-08-05 09:48:56'),
(14,	'-',	'Admin',	NULL,	'rifqi@bo.com',	'$2y$10$eN/p4jeoR/81qGJM0WWl4OZsCP1n9VxUW/sXsjDblOzg./74hjRty',	'085887878692',	NULL,	'0',	0,	'customer',	'637422',	1,	'2018-08-05 11:08:07',	'2018-08-05 11:08:07'),
(15,	'-',	'ardi',	NULL,	'ardi@gmail.com',	'$2y$10$O72Y0uVS2Cv0MqDvA8lnEu47HPpan3lVDtbk8MDbM9uKw3iq2ix6m',	'091823091208931',	NULL,	'0',	0,	'sales',	'546255',	1,	'2018-08-10 00:27:24',	'2018-08-10 00:27:24'),
(16,	'-',	'Wendy',	NULL,	'wendy@gmail.com',	'$2y$10$jACsj6OIHlWSJ8GpfCyjFeoHB8Ut/RjhFmvuT6YOAJE9wqDY7nil2',	'08981928989',	NULL,	'0',	0,	'sales',	'483291',	1,	'2018-08-10 00:47:51',	'2018-08-10 00:47:51'),
(17,	'-',	'Arya Laksono',	NULL,	'arya@gmail.com',	'$2y$10$zB5iQZtsihSSqo.Xv4CS/.NCVHkFZbe7iCGqNxH4KHHsqzZuIwQIm',	'123',	NULL,	'0',	0,	'sales',	'179958',	1,	'2018-08-10 00:56:33',	'2018-08-10 00:56:33'),
(18,	'-',	'Usman Sambawan',	NULL,	'usman@gmail.com',	'$2y$10$VxZcf4RhoZwz/figiYuYH.LR3tvzVvAU.LyfDyUbTq49/xYGWFnKK',	'0899999112',	NULL,	'0',	0,	'dealer',	'891762',	1,	'2018-08-11 04:05:51',	'2018-08-11 04:05:51'),
(19,	'-',	'Amin Wibowo',	NULL,	'amin@gmail.com',	'$2y$10$NxQhw/ICi8kpUkr7j.Rpou2GrXdXBOf4iClMLAMidvwxeTJWMmYNC',	'0899981212212',	NULL,	'0',	0,	'dealer',	'114144',	1,	'2018-08-11 04:10:12',	'2018-08-11 04:10:12'),
(20,	'-',	'Juhairi',	NULL,	'juhairi@gmail.com',	'$2y$10$r6NfyNMnI897LfpkTb4wp.yRUGX4eP.u7JM2Zg6SblQ4xgh58dx4S',	'123',	NULL,	'0',	0,	'dealer',	'509819',	1,	'2018-08-11 04:11:59',	'2018-08-11 04:11:59'),
(21,	'-',	'qwew',	NULL,	'dya@gmail.com',	'$2y$10$NEsh3QvUPMCUXgZA8ai8ku6j3Y2DfiBha/i.eH4CObRiy63Bm54la',	'112391208303',	NULL,	'0',	0,	'dealer',	'203276',	1,	'2018-08-11 04:12:36',	'2018-08-11 04:12:36'),
(22,	'-',	'Gunawan Mursid',	NULL,	'gunawan@gmail.com',	'$2y$10$M0lXOq.OpPPrRkPAg344MOnhw7gGzE76WHpCTInrgWQtJhw065xV6',	'0812129812912',	NULL,	'0',	0,	'dealer',	'139781',	1,	'2018-08-11 04:14:47',	'2018-08-11 04:14:47'),
(23,	'-',	'xxxxx',	NULL,	'xxx@gmail.com',	'$2y$10$knw10SG9/xknTn9LaMSZzeYQF/qnyR3hBugW0fiX0vwjF8NrhFqEq',	'12123023819023809',	NULL,	'0',	0,	'dealer',	'668541',	1,	'2018-08-11 04:15:30',	'2018-08-11 04:15:30'),
(24,	'-',	'qwqwewe',	NULL,	'fade@gmail.com',	'$2y$10$x7sQtp30nsYe8FQGJa56ZeGlNYnc/gb4ng1fYTNbkoRguNOrb5Wsy',	'12323',	NULL,	'0',	0,	'dealer',	'754735',	1,	'2018-08-11 04:17:08',	'2018-08-11 04:17:08'),
(25,	'-',	'asdad',	NULL,	'gydg@gmail.com',	'$2y$10$9drY7QoDxDti492Jji1Acu8M4FlQl5sIEr50VlKY5YoJjhhgglCnS',	'1232123123123',	NULL,	'0',	0,	'dealer',	'750741',	1,	'2018-08-11 04:18:53',	'2018-08-11 04:18:53'),
(26,	'-',	'wkwwkk',	NULL,	'haha@gmail.com',	'$2y$10$4VavO7USL4csD2SyLOBE1.M/AUH0AqsFmwu0SlfCuO/dZnk7AxeOi',	'123',	NULL,	'0',	0,	'dealer',	'446316',	1,	'2018-08-11 04:19:54',	'2018-08-11 04:19:54'),
(27,	'-',	'vxvvxv',	NULL,	'dret@gmail.com',	'$2y$10$Xsos6U2aucn2/Eklx8NeauDf3L49YjCbwuVVIC/8Gbut8p6TpGQ7S',	'123',	NULL,	'0',	0,	'dealer',	'559058',	1,	'2018-08-11 04:26:29',	'2018-08-11 04:26:29'),
(28,	'-',	'Sugandi',	NULL,	'gandi@gmail.com',	'$2y$10$n.5gAxHaGyEM9CBPgxFT5uAGm0d9DMmSe5maMdrIN4Wf6VZvhI9qG',	'08919829189122',	NULL,	'0',	0,	'dealer',	'867232',	1,	'2018-08-11 04:31:31',	'2018-08-11 04:31:31'),
(29,	'-',	'Hanif Muhammad',	NULL,	'hanif@gmail.com',	'$2y$10$60R7SkG.IAxpFGdrRiUGiOoUgYDNFH2DsVZtGBRgMIHTZKvA68lhO',	'123',	NULL,	'0',	0,	'dealer',	'317957',	1,	'2018-08-11 04:37:15',	'2018-08-11 04:37:15'),
(30,	'-',	'Berry Maulana',	NULL,	'berry@gmail.com',	'$2y$10$mO83o2rJkXAtO7lYX/5IROYKsenFJB0yKcLxWqrDkOOp/2VZHboLy',	'080918092309',	'data:image/png;base64,iVBORw0KGgoAAAANSUhEUgAAAIAAAACACAYAAADDPmHLAAAABHNCSVQICAgIfAhkiAAAAAlwSFlzAAADsQAAA7EB9YPtSQAAABl0RVh0U29mdHdhcmUAd3d3Lmlua3NjYXBlLm9yZ5vuPBoAABnoSURBVHic7Z17XFTV9sC/GxANQwUVVNRA0xtI2s0krfzlCypNK7tp+YwMzfJW6i0V8ZOPvKmpGT7Irl69ZmWapVgJPvKRacXVK6mAYqAmCqjgWx7i/v0xMs55DMzAPBDn+/nMH2edc/asmbPOOXuvvdbaApAoeUpKmcAdihAiAXjCRDRTSjneWfrYGzdnK+DCubgBl1Wy+s5QpAqh/v2XnKKFg3ADMlWyvzpDkaqAEMITaKsSq/+faoUbkKGSPegMRaoI9wOeKpn6/6lWuJ4ASh7SkVX7J0CiSlZPCNHNGcpUAZ5XbSdLKXOcoomDcAM2obXypUKIu52gj9MQQgwDwlXiT5yhiyNxk1LeAD5VyQOBOY5XxzkIIe4BPlKJLwOfO0Edh1LqB1gK5Kv2DRdC9HWwPg5HCHEXsBzwVu1aLKWs1kNAuGkAUsozwFC0XsGvhRCxQggvh2vmAIQQnYBkoItq1z5gosMVcgZSSuMHmInBCNSfdOBR02Nv5w9Q6+ZvLdH5rflAkLN1dNRH3PxDABBCeADrgF5m7OVP4L/Af2vVqrVvyJAhdW1sj3YhIyPj0pYtWxpiGOY9BLQD7tI59BrwvJRyoyP1cyYKAwAQQrgB7wPjAeEMpZzEMeA5KeV+ZyviSDQGYNxh6ACuAGo7VCPnsAXoL6XMc7Yijqas2cB7gJqOUsTJ+AM+zlbCGei9AryAfwEDnKKR88gHBt5J739A0wn0AnYC7fUObtWqFaGhoXz77bcK+W+//UadOnXsqWeFmDNnDv/617+M20FBQQQHB7Njxw6uXLmid8oN4FUp5TJH6ehsPFTbcehc/PDwcHr37k1QUBAZGRkaA6hTp06VNABPT+XEno+PDyNHjmTYsGHs2rWLVatWcfr0adND3IA4IcR+KeX/HKmrszD2AYQQUcAQxU43N9544w3efPNNgoKCALh69apjNbQhpXe9p6cn3bp1Y86cOdx3333qw2picIDdFkPcyuIGRl94rOmOWrVqERMTw5NPPqk44dixYw5TztYcP34c01eet7c306dPp2PHjupDW6CdG6iWlL4ChmPwjhkZNmwYHTp00JyQmWn99PjBgwfZt28fhw4dws/Pj7Zt29KxY0e8vdXud/OkpaWxb98+Dhw4QL169WjXrh2dOnWibl3Lb9SCggKys7Np3LixUebp6cm4ceMYNWoUWVlZpocPEEK8K6U8a/EX3IZ4CCFqAMNMhUFBQTzxxBO6J1hjAOfPnyc6Opp169Zp9vn7+zN79my6d+9eZhuXL19m8uTJfPHFF5p9vr6+zJgxg6efftpinTIzMxUGAODh4cGrr77KlClTTMU1gUjgQ4sbvw1xA57FMA42Mnz4cITQOgFTU1NJT0+3qOHz588THh6ue/EBcnJyGDx4MMuWme9wX716laeeekr34gPk5eUxfPhwPv74Y4t0Ali/fr2u/KGHHqJ9e03/d4TQ+yOqEW7A/5kKmjVrRmhoqOZAKSVLly61uOHo6Gj1I1WXadOm8ccff1i9z5Q5c+Zw4MABi/RKSUlh165duvt69uypFrUEmljU8G2KG4YOj5F77rlH98CffvqJw4cPW9TowYMHNXe+u7s7Xbt2xd9f8bChoKCADz/UPmWPHz/OihUrFDIhBI899hjNmzdXyK9fv84///lPi3QDWLZsGUVFRRp56UhHRQs9YXXBIgPYu3cv8+fPt7jRffv2Kbbd3d358ccf+fzzz0lKSqJ3795lHg+wf/9+1F7KDRs2sHr1anbv3s2AAUpH5f/+9z/N8ebIzc1l6tSpmiFtw4YNqV1bM/VR7Q0g0FSgvrsSExOZNm0aBQUFFjeqfhx369aNVq1aAbc6XKacPHmS8+fPl9lGWFgYDz5oiFh3c3MjKipKsf/ixYucOHHCYh2Tk5MZN24c586dU8h1boBAixu9DXFDNfyrWdMw/3P48GHmzp3LggULKCkpsarRS5eUkVSNGjUqc1vvnPLaUPfkwTBisIZjx44xduxYNmzYYPy+WrVqqQ/TixuoNqhdwezcuZPly5eX5fA5AzQsq9H69evTtGlT47aPj3KizcPDQ7G/VGaKj4+P4pj69ZUZW0IITRs1atQoSy2APKAeJh7Qc+fO8emnn7Js2TI6derE2bPVetivQaCNAyyLTcB0YIepMC0trUrOBUyfPp2FCxeaihIxeDxXoQ0CNYcrOxgoBmZjCBW7aD917I+U8gegE3BHRf6YozwDkMBqIERK+Y6U8roDdLI7UspDGHIgB2EIBbtjUfcBSoBcDKHS8UC8lLJ8b85tiDSMGT8XQqwCHsHgEX0CaAZUvfeZnRDcGuZcBc5KQ6aQ+ROEeABQzJU3adIEN7eqV2viwoUL6tFEAWBJrp8XhjoBbhheeeqkmYpyAzgHZN38HAcSpZTJNmrfaswGhZo9QccAXFSaTGA9sExK+bsjv7git612jthFZQkC3gb2CyFWCiEc5320MqOmB1CEfvaQ62O7TxGGzCV3h2YGlcXNR/9OVONnr5qedGgZRPsWgbT0K9M/5DCuFBaRfPwEv/2RSfpp7Svf3d2d6OhoPb+/Tdm6dSubN282bjdv3pxevXqRm5tLbm4uycnJXLxY5qh6M4Z8BVv1QTRoPIF63KwV8AOqi9/j/hA+Hf4yzer72kM3m7Bi527GrPiSC1evGWUlJSWcOXOGkSNH2vW7b9y4oTAADw8Phg27FXtTUlJCcnIyW7ZsYd26dXozlOHAr0KInlLKo/bQ0aIngBBiEPCZqWzUk935aMhL9tDJ5pw4m8fDE6dy9tKtuYIaNWqQlJSEn5+f3b43MTGRyMhI47a3tzfbtm3TPfb06dMsWrSIhIQEvVnNP4Awe2QuWdoJVFzp4IAmzHjpBVvrYjeaN/BlwSuDFbLi4mK+++47u36vegLr0qVLXLhwQffYxo0bM23aND788EO8vDTZ+C2B1TeTd21KuQYghGgARJjKPhjwN2rWsFyXjJwzfLXnN+Pnu33WD3tPnM1TtPFtkjaGoCyef7g9j7S+VyEzfTzbg6CgIM0k108//VTmOV26dGHp0qWawBmgOzDLpgpiWR/gMfVxHVtZN0rZcuAQb/x7pXH7ngb1efrBdla1sSf9KIPm36pkU9frLp7rYF1Fu46tW7L7yK1XaUaGfSvA1alTh7CwMHbv3m2U7dixo9wg1latWhEbG0tkZKQ6aOVNIcRiKaVloVkWYMkroNB0o3kDX+rffXvWj/proDLYwxFTv+HhyrpTu3fvtuh7W7ZsyfTp09UeVncMs7E2wxIDUCTRnb9yzeLQq6pG/mVlPqCvr/1HL+rw+sLCQhYvXmzRuZ07d+aZZ55Ri58XQtjMGWeJASjCbC5eu0Z6tnWl82rWqEFdr7uMH++7rA+y8fTwULRR18v6Nv6bcUyx/de/2r8mZmBgoMYI1q9fb/HrZ8SIEXpRSlF6x1aEcoeBQgg/4CRgDLeZ1v85xj9jropM1eRSQQGhY2M4lX8r9nDSpEl29wUAHD16lG7dunH9+q3Z9MDAQJYvX87dFrxOY2Nj1RHSOUCT8ibuLKHcJ4CUMhdVvbz3v9lAatapyn63Q/nHZ18pLj445gkAcO+992qimI8dO8aECRO4caP8a6iTpeUPaBIaK4KlfoAZGKYyASgsvk6/eXG3hRHckJLZGxL49zbl8Cs0NFQvE8hujB8/XhNxvGfPHkaPHm2uVoGRv/zlL3pBsE/qHWstFhnAzWHHN6aytKzTdIieyoz133PkdHaV6xheKihge0oaXafMZMKXXyv2eXp6Ehsba0kQqc2oV6+e7iP/559/JjIykuPHj5d5vk6irm4Wi7VYMxnUAtiNKo+wlDp33UWgXwNb6FRprhQUkpF7xqxRxsTE8PrrrztYKwObN28mMjJS8+j38PDg+eef59VXX9VEUQPExcWpU/O2SSkrXdTbqoAQIUQ7YDuG0Orbkn79+jF37lynRjAlJiYyatQo3Ue/l5cXXbp04fHHH6dTp05Gt/Dq1auZNUvhCDwipfxLZXWpSERQS2AJ2vKqVRp/f39mzZqlccxUhvT0dH799VdycnI4c+YMhYWFNGjQgIYNG9K6dWseffRRs6+Z1NRUXn75Zf7880+z7bu7u9OwYUP8/PwoKioiLS3NdHe+lLLSjgyrDQDgZsr0S8CrGAyhSqZQCyFo0aIFnTt3Zty4cVYVkzBHXl4en376Kd999125Y/m7776bbt26mS22kZeXx7Rp01izZo1FowEVF6SUlX4SV8gAFA0I0QQIxRBN2wCDMbyEydo7Dz74oKbUjD3x8vKiTZs2tGnTxqJxtiUUFBSwePFiFi1apElbs4SIiAiio6Np3bq1Zl9qairvv/++2aliM1QNA9Bt1BBq3b90e/DgwcycOdPm3+MocnJyePnll0lOrlzwbq1atZg3bx59+vTR3Z+SksLGjRtJSEjg0KFD5TVnEwOw+fxydSM1NZWBAweSnZ1t9hhvb2+Cg4OpU6cOaWlpnDx5Uve4goICRo4cSWZmJm+99ZZmf0hICCEhIYwdO5asrCwOHz5Mbm4uOTk5JCUl8eOPP9rsd5XiMoAyyM7OZsCAAeTkaOc+goODGTRoECEhITRt2lRRUufixYukpaWxc+dOVq9erXi/SymZOXMmPj4+DBkyRNNuKQEBAQQEBBi3169f7zIAR3Lt2jWGDh2qufg1atQgKiqKoUOH4u7urntuaRxAWFgYERERTJkyRePoiYmJISgoiM6dO9vtN1hC1UvnqSIsXLhQU6QiKCiIzz77jFdeecXsxVfTtm1bvvzyS/r376+QX79+nTFjxuiWqrGQukKIQ0KIt4UQFR4OugxAhzNnzmjm7D09PZk1axb33nuvmbPM4+npyTvvvKMpSJmVlVVmlTQLCMFQ0DJLCPHhzbUerMJlADrExcVpvHSvvfaauSJSFjNp0iRNLkJsbGxlngKl1AL+AXxr7fpOLgPQIT4+XrEdGhrKoEGDKt2uv78/Y8aMUcjy8/PZuXNnpdu+SR9guxDC4uzmamkAW7duJTo6mp49e9K6dWueeOIJ3n33XTZuLH8pgN9//51Tp5TT3K+88orN5g6eeeYZTS5CQkJCRZq6hiFZR00HYJKljVSrUUB+fj4TJ07U1Cg8cOAABw4cYOXKlURERDBr1iyzCSE///yzRtamTRub6hkcHExubq5x2zRq2AqKpJS9hBA9gLUoaxq8KYT4REpZbpXNavMEuHjxIhEREWZL05ayadMmevToobgApqjlfn5+mgJVlSUkJESxrednsBQp5RagJ8robU8MyaXlUm0MYNKkSRaVpgVDOPi7776ru09tAMHBwZXWTY26zWvXrlld4s4UKeXPGFZ/NeUpS0YF1cIAdu3axZo1axSy2rVrExUVxcyZMxk5cqSmitmmTZt0+wTq6qENGtg+yEWvTRssxDFPte2FBVFD1aIPsH37dsW2l5cXK1asUMTg9erViwEDBijSsbdt28ZTTz2lOFd9cY4cOWJzfdVtCiFskaNwFEMIv+n05/0YEkvN4hAD+PXXXxk3bhxCCHx8fPDz88PPz4+AgADuv/9+i71q5vj9d2VVlb59+2oCMBs1asTAgQOJi4szyvRm99Sdw8OHD1NSUlJpHU1JSUlRbPv6+mpyCK1FSimFEMcwTM2XUq7XyiEGcOTIEbN3kq+vL+Hh4Tz55JN07dpVs9CTJagDMwIDA3WPU8v1Fr9o0UKZ91hUVMQff/yhO49fUdQGoP7OSqCu6Vvu9XV6HyAvL4+vvvqKyMhIOnXqxFdffWV1dIzaPXv0qH4tBbVcz63bvXt3zd2uNzSsKGfPntXcDOZWZ3EETjcAU06fPs3o0aPp0aOH2UUd9HjggQcU2998841mbYPjx49rVh5RnweG8O2HH35YIVuyZIlVlcjLYvr06RrXb7U3gKZNmxIREUF4eDhhYWEEBgbqFUEwkpaWxosvvsiiRYssar979+6K+fiioiIiIyOZPXs269atY968eQwePFjj3ze3XpF6nr6wsJApU6ZUJG5Pwffff6+pD/DII4/QsmXLSrVbGRzSBwgLCyM6OlojT0lJYfv27WzZskVzh924cYP333+f1NRU5syZU2bfoEOHDgwZMoT//Oc/RllRURGrVq0ye86zzz5r1gB69+5NXFycopOYnJzMypUrywziKIvs7Gxmz56tkAkhiImJqVB7tsJeTwCLAg1DQkJ4/fXX+frrr5k6dSpNmmiX51m7di0jRowoN/MoJibG4jspICCA6dPNp9kLIXjvvfc0/v/Y2FimTJlitdMmMTGRAQMGaIJJ+/btq/saciT2MgBFIRzV8qxaJdzc6NmzJ2vXrtUkUYLhDywvqLR27dokJCQwdOhQ3RXPSnnhhRfYunWrbvaNKR07dtR9am3YsIF+/fpZ5L/Py8vjnXfeYeLEiZpycG3atKkSgbL2igqeismMVP369UlMTLT4/Pj4eD744AOKi4sV8ri4OL2CCRqSkpLYunUr+/fv5+jRo7Ro0YK2bdvSpUsXHnvsMct/CPD222+zevVq3X2tWrUyBnIGBwdTt25d0tLSSElJITU1lYMHD+p6+Pz9/fnhhx90Vz0xx/r169Wp7JqoYCHEfsC09s4EKeWMstq1Vx9AMbtx7tw58vLyLPZ29enTBy8vLyZMmKB49E+YMIGuXbuWuzhFhw4ddBMxKsLcuXNp0KCBboc0PT2d9PR0s2sR6hEcHMyKFSusuvj2xF6vAE1Qu7Uu1R49emgWhjp//rxVq5fZAjc3N2JiYvj4448rvSpKnz59iI+PV0T7Oht7GcAeDAELRiriU4+KiuKhhx5SyJYuXVpmjL69eOGFF9izZw/Dhw+32lsZFhZGfHw8n3zyid3L01qLXQxASlkIKNxnCQkJVo+jhRC89dZbik5dQUEBy5cvt4WaVuPj48PkyZPZt28fH330EREREbr5hp6enrRp04axY8eyefNm1q1bpzHkqoI9/QBfY6guDhieAGvWrNGER5dHcHAw4eHhbNq0ySjbuHEj48c7bx0nX19f+vfvb/wtRUVF5ObmUlhYSMOGDavkAlrmsKcncAWgKIgXFxdHXp715W7VuXTp6el2L/JoDZ6enjRt2pSWLVveVhcf7GgAUsprgGLNtsuXLzNvnjpuoXzat2+veXdaM6x0YR57zwXMAxQhtj/88AN79uyxqpEaNWpoJmjMzfi5sA67GoCU8jwwXC0fM2aM1ZW61auEOmMkUB2x+2yglPJ74D+msuLiYiZPnszChQstri6mjsx1GYBtcFQ8wC96wmXLljF27FiLOnRq331lQqld3MLpASE7d+6kX79+jBw5kh07dpj1Fahj5kzLrrqoOFUmKjgpKYmkpCQaN25MaGgojRs3pkmTJvj7++Pu7q7xJF6/ft3amjq3NTolY2wyi+cUAyi9m/Xu4tOnT5c7fQyGOPqBAwfaXLfbCJtUZnPKK8DX15cFCxbwyCOPlDl378L+OO0VEBAQwIQJE8jMzGT9+vVs27at0jF3LqzH6Z3AoKAg3n77bb10qbMYFlp2WYUdqTKdQB0mSSk/Kd0QQrwIfFm6XVqSzZQePXqoky7KjYixlJuLZ+Zj8p+teCOKlx592PxJVnDvm+M4fvaccXvGjBmKAFSdiCCb4PQnwO2ClPIykGQqU69BcDviMgDr2G66sSP1MBk5Z5ykipbAwEBFjllAQEDUkCFD3ti7d6/ZJAyXAVjHCkz6JFJKPtxQftkZR+Gh8pZlZWW1+Oyzzxb07dv3YteuXb8QQtRUn+MyACuQUqZhKMdiZMmPO1mYuNVJGlnGiRMn3Ldv3/7Sfffdd3LSpEmtTPe5DMB6pqPKwh2zYhXxe/c7SR3LSUtLa/DFF1+kREVFhZXKXAZgJVLKZECRMXJDSgbGLmbq2niuFla65p/N8Pb21sgyMjI8Nm3atEUI4Q4uA6gQUspZwLemsoLiYqatjafN2Il8vusXikvUqfqO5+9//ztLlizRpNydOHHC+7nnnlsGVdsPUNUZDKwCFCtBn8zL5+VFS4havIxWjf0JbRbAfU0aU7OcFcouXL1W5n5L8PDwUDjNrl+/Ts+ePQkNDaVv376K+ofbt28fNHny5KkuA6ggUsorQohnMYS9jVLvLy4pIeXkKVJOOm5txUaNGmWlpaUZS5mUVihv3rw5ixYt4tlnnzUem5+fL3755ZfxrldAJZBSlkgp/44qGdZZ+Pn57TPdNq2dFBYWpsmLvHLlSnuXAVQj6tWrp6g5m5qaytatt4aojz/+uOL4s2fPBrleAXbgxRdfpF69ehw5coS8vDxOnTqlLkBZDKSoTgvBZIHuiuDp6fmtl5fXctOM5Pfee48HHniA+vXrayqnnTx5so7rCWAHmjVrRq9evRg9ejTTpk3jb3/7m/qQU1LKB0w/qMLnK8L8+fMv9urVS5HLnpGRQf/+/Tlx4oQmt+Ly5cvWLzDgomoTEhLyUrt27fJNZSkpKXTu3FlRI7EUlwFUMyZPnnyjc+fOT9euXVsRM1hcXKxbec1lANWQ+fPn7x44cOCQoKCgwvKOdRlANWXx4sUre/Xq5dezZ89fyipz6xoFVGPmz59/Eeg0YsSIl06dOjUiOzs7ODMzs8G5c+eMN77LAO4AFi9e/CUm4XSjRo3qUFxc3AJcBnBHsmDBgiRuhre5+gB3OC4DuMNxGcAdjssA7nBcBnCH4zKAOxynDAMLCwvZu3evRmYNevUB1AtCOIvMzEzFzNuff/5pdRtHjhxR/D6d+gC2QUpp9w/wGoaCBtZ8XlO18WIF2hjvoN933kq9jum0cczKNs7bQnfXK+AOx2UAdzguA7jD+X8HjkF6fP6uwgAAAABJRU5ErkJggg==',	'0',	0,	'dealer',	'951449',	1,	'2018-08-11 05:26:28',	'2018-08-14 23:51:47'),
(31,	'-',	'Usep Sasmita',	NULL,	'usep@gmail.com',	'$2y$10$MYlvMtuLNxj9xfjJn5Yu8Oaht0nDvmiiHD0TjiuwTqqAAqBOhRvIG',	'0891829898192',	NULL,	'0',	0,	'sales',	'780534',	1,	'2018-08-11 07:35:43',	'2018-08-11 07:35:43'),
(32,	'-',	'Budi Hartono',	NULL,	'budi@gmail.com',	'$2y$10$xEy7RtK9QpZD3j3D2Ic.HeIbyWB1sLkJl3IcjBw/2X9HDe7XuhEMW',	'01920938190283',	NULL,	'0',	0,	'sales',	'781404',	1,	'2018-08-11 07:42:16',	'2018-08-11 07:42:16'),
(33,	'-',	'Imran Kadafi',	NULL,	'imran@gmail.com',	'$2y$10$bIGc.qRMZ2YZGffPJfAw6u247Oq3GIthLrDgMz3Rb40RnhzUjZK7C',	'089128391892',	NULL,	'0',	0,	'sales',	'711020',	1,	'2018-08-12 03:40:59',	'2018-08-12 03:40:59'),
(34,	'-',	'Marcel Wanewars',	NULL,	'marcel@gmail.com',	'$2y$10$JUE/yN7fGqV/UJgN52XLUeUxTXqTaMxVYDzuAZB2Z6tys3A6PbXZy',	'1223298',	'data:image/jpeg;base64,/9j/4AAQSkZJRgABAgAAAQABAAD//gA7Q1JFQVRPUjogZ2QtanBlZyB2MS4wICh1c2luZyBJSkcgSlBFRyB2ODApLCBxdWFsaXR5ID0gODcK/9sAQwAGBAUGBQQGBgUGBwcGCAoQCgoJCQoUDg8MEBcUGBgXFBYWGh0lHxobIxwWFiAsICMmJykqKRkfLTAtKDAlKCko/9sAQwEHBwcKCAoTCgoTKBoWGigoKCgoKCgoKCgoKCgoKCgoKCgoKCgoKCgoKCgoKCgoKCgoKCgoKCgoKCgoKCgoKCgo/8AAEQgAyADIAwERAAIRAQMRAf/EAB8AAAEFAQEBAQEBAAAAAAAAAAABAgMEBQYHCAkKC//EALUQAAIBAwMCBAMFBQQEAAABfQECAwAEEQUSITFBBhNRYQcicRQygZGhCCNCscEVUtHwJDNicoIJChYXGBkaJSYnKCkqNDU2Nzg5OkNERUZHSElKU1RVVldYWVpjZGVmZ2hpanN0dXZ3eHl6g4SFhoeIiYqSk5SVlpeYmZqio6Slpqeoqaqys7S1tre4ubrCw8TFxsfIycrS09TV1tfY2drh4uPk5ebn6Onq8fLz9PX29/j5+v/EAB8BAAMBAQEBAQEBAQEAAAAAAAABAgMEBQYHCAkKC//EALURAAIBAgQEAwQHBQQEAAECdwABAgMRBAUhMQYSQVEHYXETIjKBCBRCkaGxwQkjM1LwFWJy0QoWJDThJfEXGBkaJicoKSo1Njc4OTpDREVGR0hJSlNUVVZXWFlaY2RlZmdoaWpzdHV2d3h5eoKDhIWGh4iJipKTlJWWl5iZmqKjpKWmp6ipqrKztLW2t7i5usLDxMXGx8jJytLT1NXW19jZ2uLj5OXm5+jp6vLz9PX29/j5+v/aAAwDAQACEQMRAD8AqrH9K47HcS7flpgN20wHws0MySx4LIQwB70pQ5k0OLs7k19evdW5tbeEW0Eh/etkbmHcDHr3PWuanhrO8mbTrXVkRBQOB09q7DnAcmgBccdaADAoC4oX0p2EI6lRkjA9T0osFzNu9Y060z9ov7ZCO28E/kKpQk+grox7rxpo8JIjee4P/TOPA/M4pqlLqNXeyMq48eyHIstLJ9Gmk/oKPZpbs1jQqPoZN14r164J2Pb2wPaOME/mc1LUUaxwk3uzKuLrUrskXWo3MgPUbyB+VJytsjVYOPV3Khs485bLfU0udmscNTXQVLdV+6iipcjaMEtkSiMdhSuMmSPpmmhpDjHx0ppCIynTIotqAFAKNhDdhNFgHJFk8g0xHtCjioR5A/Hy1YhoXNCQXH7adgFCkjgHFFgKtxe2lrk3F1bxY7PIBVKLYr2Mq58W6Jbkg3yyEdolLVSpSfQVzNn8eWI4tbK7nPq2EH9apUW92WoTeyM+TxvqUrYtdPgiB7uS5H8qtUo9y1h6rPZ/BPgIaz4R0/XPEXieexjvF3GG3SOFU+YgDeQeuKv3YuyictRuM3Ddo4T40/DOTwtc2d1bape32nXjFB577njcDOCRwQR0NXH39ka4Z06nxLU5bT/hpr12M2+iXhUR+aWkjKLt9ctiolpuzvXsYdjtNE+BXiLULSC4P2C1hmQSKZJcnBGRwoPapvEmWNpR0NTSPgnAltcX3iTX7bT9ORykUwAHm443ZYgAE5x3PWklfoRPHJO0VdnkHiqzs9O8SalYabdfbLS2lKR3AwRKv94Y4rCUbHZRqe0V7WI7/T7a2tvMivFmk3BRHgA98k8njgfnXOpNuzRqtTM2n0qiuVgFJoGo2JIk+bnvQgtYtCHGMDNXYm5IkJY4xVJCbEa3II4pWBMY1s3XbgUWFchMTDtSAVVfJwDQS2eg3Pi/Q7fIN+khHaJS9CgzyL32KkXjizubmOCwsrud5GCKWAQEk4HrW0KLb1ZXJN6pHoNl4V1668bTeHJjp1lLDZi8efLzqoJwF/h5rRUoqPMY8+lytoGk6XeWejXOv+MFtDeJctNbWqIjR7CQoyQSD3569BWjppXtEHzHlVvoPiLxBPIbMatqEBlMaOiuQx7A9gcdqpw5eljqp0qfLebNvwx8IvEPiCGWez08+VFKYXeaQINwOGAz1weuKG1HdluWHp7nY+HfgfNLfXkes31pp9vbSrB5w+YSSEAhVzjPUD68VLa6EyxkIr3UbulfBPToJNVfxHqr21tYyqqyxhVR4yobcSenXH1o5trImWO25VuVvF3wZEfiWCz8LSK1vJam5f7VL9zDAcEDnORSTVrsdLGtq8zY+IcRtPgNoNqq53fZ147nDGtqP8U40+evJnpNno8F7p3hS11WNZZrGBLny35zIkYXJ+hb8wKw5mm7dTOU+VycSnpXia/1nTfF/wBusfstvYNLBbuQQXARs5z9AePWnKCjaz3Bx5ZRRkeD5/Edr8H2vpWu9S1m7hLWsIUZjUjbGABgAAfNVTUPaWWiKdnUt2NXwLc6jqmhWWneJPDbQi3t1BmmMckTsoABAySGP045qG1e8XoRWjyNuMtex8t/FD+y/wDhYuuJoMcCaesuFEIATeAA+McY3ZrKe2p7ODcnDU5cpjArnZ6KBYWPapBkqwZFOxPMSw2rMwGO9NITZrRWDMRjFWkZuSRpQaUW+XcBxWqRjKoalt4VuLjAhtLmb3SJm/kKfuozdWxpwfDbW7p8ppVwB2MgCD9TUucO4vbo1bb4N61O4MiWkKn+/MP6ZqHUgS8SjVs/glIGH2nU7ZB3EcTN/PFZyqLsS8TfofNscSr0UflTuemoW2Op+H9uLnxfo0OM77yFf/HxXTSZjW0g2fYaDRH8Xa9NZvI2vxWax3O4ttRCMoPT3q/e5Euh8/rZLoZuh21h4f1H/hHrHSIlW10w3j35QbmkJ2nJxyTyevtVSbkuZsLykr3LukQ32kahpGk6ZZqvh+LTmllmC9ZcjAz6k5J9c0aNNt6ky95Xe4ywtL65j8Jz6DcpFpEYaa7VWwZQyk4x3yxOfei615txuS1vuTTSR6xZ340uGwutU06+kVY7tiEjlB++cAnocjj8RSXu79Rap6vQ4LxJrhPw18QJq2s2V7evqS2/mRFUVlDxghFz90fN69OaaaU1Y2jH3lZaGD8Y/HbweLdLh8H67EC9n9nmltHSTGXzjPODwDTppWbkjShS5rqR1v8AwsrwXpuiaTY6glxfXFnBEUjWyaTEiqBuGRjOc80lGTba0M3RnzOxxVn8QPEOrfEEeIILJrTS4IWt4rSfjfGTk5/2iQDntgCrcUo8vUtYeKhysv8Air4peJ7mO+s4NAsUs5ojFue5J4IIJ4xyc/hWfs/MKeHjdO+xgN8V/G4tkhtRo1lGihFWKAvtAGAPmNNwXVmqwcb3Zzd1r/jvV7J7KTW9Tlt5Mgx20W0EH+HKjOPbNZ3jHodCw0E7tmbp3w68QyL/AKNol+4PVniK5/E4rCc+Z3OiNSlTVkzds/g94puSPMs7e3B/57XCj9BmsmweMprqbtn8D9WcgXOpafD6hFeQ/wAhSM3jY9Eb1n8C7NMfbNauXJ6iG3VP5k0XM3jX0R0Gn/B7wzbEGVb+4b1kuNoP4KBRdmbxc2dHZfD/AMNWRHl6PakjvLmT+Zp3Zm6831Nq30uytQPstlbR+nlwKP5Ck7sz5n1JpXEQPmuI0/2ztA/OpsFzJufEfh6xVvtutaZCQc/PdID/ADpqNwuZFx8U/BNkCH8Q2kjDtCHk/kpquR9ieZGDffHTwbBnyp7+5I/55WhGfxYij2cg50fLCx80rn0ljofBOoxaJ4p0rU7mJ5YLS5SZ0jxuYKc4Ge9awnYyr0+eDij0aL4s+Tr/AIv1CDR52XWYlig8yZUMOE25OAc+vFdPtE4qJ5P1KfKl2Ht8bvEsmiR2T2mll/IMMkr7yz8Y3cHAPX8aLxvdFf2f1uZemfETxudLtdPtdTkKW6eUhS1DsVxgZJBJwOlNyje7RTwUN2et/C60t9B8OWV5catrdzKkJdtM8tiiynOdq7fyGcZOaU6qkzjrR1cUvmeYXHhHxfrviDVtSl0yeyS+laQo86pwxJwcN6YqpVopJJ7HTSlTjG0h9r8FtWkbMiabECf+Wkpcj8gazdc09tSWyOnsPg3JEUea/s1ZQADHbkkficVPtiHiV0R0un/Di3gTEmoXD+pWNV/xo9u+xhOrc3bLwRpNv1E8p/6aSf4Cp9tIi7L3/CK6M3XTIZcf38t/OpdST6i5mtiRNN0qwGVsLG2x3MaJ+pqHJsHN9WMn8QaFZAm51nS7cDsbqMfpmlZsV0ZF18SvBdru87xFYufSItIf/HQafIxcyMO7+Nfgy3JEM99cn/plakD/AMeIo9mw5jHufj5o8ZzZ6Jqc5HTeyIP60ezYcxh337QN85P2PwxDGOxuLpj/ACAo9mNO5gX3x38WS8QQ6Jajt8hcj82NNUwuYl38XvHd5ux4gEIPUWtso/UJ/Wq5YoW5z954z8U35P2nxDrs+eoWR1H6EU7RC/kZcxvbo7pxfTk9TNLn+ZNNNIl37EQtHHS3jT/el/wo5kKzJksrmTAiijY/7CM9UFmRtZXueFYf7sOP6VLnFaXHZn0BY/B3QUKma51Kf2Dqo/Ra5rHqPHTfRGxD8NfCtsMyWDvjvPcP/iKdzJ4uo+pP/YXgnTv9Zb6JDj/nrKhP/jzVV2ZvET6yHrrngSw/5iGgRkf3PLJH5A07SZm6re7Ek+J3gu0yE1iN8doIZG/ktPlZDqR7mfcfGXwrF/qzqVx/u22P/QiKfKyfaIzLj45aQrH7Louoy/7zon+NVysXOULn48yjItfD0S+hmvP8Fo5Be0My4+PGvycW+n6ND6ZZ5D/6FRyIXOzMl+MXjO5bEV1ZRA/88bPJ/M5ocYocW2Qt468cag+yTXbyFcc7THCPzwKzcoxV9zZRu7HPXureJbyRluNY1WYZx896QP51opRsZtdjNm069m+advNP/TSdm/pR7RCcWKmi3OCVhj454jZsUvaRJcSSHRrqZiI+SP7sQ/rS9rFbhbzJZtDurdQ87TICcZyB/KpVeL0Q0vMjh0tZs5Yk4zhpCaUq1gbS3Llv4dglK+U9rID1KZcr9RWUsRboJTWwkGkxF5d0lvFEnQ7Pmb29BVOo7bDcy2mn2ny7J5CrLnJAUfyqVOT6C52XbzTtPgtpWEheRMEr5zdP/wBVTGc5MXOzrNKtNEsPCVrPeaNBLd37N9nnkXcoVeD9/vnHbpyK617lO7WrJcm3udF4S8Q6NHc2tl/YuntK52mQQxg5yB6VVLEWdmiJX7nq8whtbSZwixoiMx2KFwAPavTukrmd7nzD4gh8spL5/EybgjcMpz0P4Y57188mpzeh2otfFjRtY0VNNWDxBqlxJcCVn33DAYUDsD710x31HI8zsrHUtTldT9omkVd7BmZztzjJyfWttEYuRqw+ENQ8syNbhVHUlUH82o1EpdjYufAmoWWn3N5M8Jt7eMyO0cqHIHpgHNUoya5hOVnY5oNBnpOT7ygfyFTqPU1NLtdKu5At1dtCCP4g7nP5gUm2gOs0Twr4ZvY0MmqCOQj7rwgc/wC8WI/lSv5hqjqJPhzosVnK8E8jyiNmQ7IwCQOO3IzT5Q5jy5dQs4NLuHnjcXIkQRsi/KAQc8d6nk1sHO7mss9k2hWswP7+Yj5mJBPPQDpwKzUffsDm2fRXgPwnojeEdIuLnSLKa5lt0kklkiDMxIzzn613QpxtsYynK+50D6DpqbTb6dZRleyQIMj8q15V2I5n3OG8SeDZtW1aI2lxDboYiqq4wNwzhRjuff0rnq0Od3LjPTU881/QNY0zSV1GUFbKRiCW6hugGD69q5HRsrtFqSZyUMNwLkOjBzjEcaKclv8APP4VnJLYu46a6u5ovs0jOo27WEmAWOf8ajlSZWiFVLGK1S3aLdcSH95nv7Y7ip95yv0M5K4otIrm7WOyg+ylgSMnZsHTPGMnpzTm/ZxvLUSgmdDrix6bC1lcrFeJDE6rILpcDeAd2V9xkgnnpVRrRa5bF2t1MayihniVYljRMcbnOU4570r2bY1q7HQeKbnw1ef2fYW+mSW87GMPJCQA/GGJzzycHsAa6uaMo+6iNUdb4c1PQba1ttIu4vtwhctAxHMY4LbR3IwM9OhxW0asUkrXId1qdboGi+HJLya+021HnH7xYEg8k7gT1/D2rqh7OWsUS2zW8UyiLw7qLkE/uXHHXJGKdWXLBsI7ny5q0sMdxJmEjAA7DpXjxuzo5tD0X44vjU9Mi/552Uz/AJtj+ladTaR5t4SDf2pcMgOFiUE+gJNbnM3Y7+e5VrW2iggWOWNmleYtzIAQRkHjii3cV+w3xdMy/DzVWJwWtsfmR/jXUtIGV/ePBfNkjYjccj+E9qxsbk9rdMZo1Ze4HH1pNAWY9Q2OTHIyNz0JFLlHc19F8UaxbFUsblmZjjyx0P1HQ1DSjqS2ZMcsjzeWRyzlSO2c9Kq63Gdp4l2xzadp0TqXDeWFB5yAByPqa5MNLmTmxJN6I9n0m/vNKtoUsbhkVFHCnKnHHTpXZCd1dMp0m90dTpnjUHCanblTx+8h5H4r/hW0ancxlTaMjx14pFmkP9irHcCRSzAg/Lj26jFKdSy90jl11MPxp4hml8OSabqMIGpSxq3yoBtB5+fPKk5zgd+vpWVWppyvcpLseXWI1mHWra502OQ3EeCHK5XGMc5GCOaxitdDR+ZY8UQ6mupxQ3dkLRpQIv3oAL/xZ39D2GQcAcdKck77Di0cpcBrSdxMSpRz5jE7tv5dfzqVFMqzvY2tM1eNNJj/ALQeVJ5fmiODukj+6Mv3AwQB25rPEU7pWNYYdz0RD5jXOoqwkW2jZggaVt0bHjnnJ46/hWdOCtZnRLBRgr3ZT0xNSk1y7trO0e4uEiOxYkJaT5gMgD1/lW8IcysYSppbHf6J4M1W5iTUNdszp6qGZhcSorHpjCE56+w4oUVHQI4eb1sdzL8NbOe5naDU9sDLmHaysQdqgbvUEhjxjqK2UKUno7ESo1I9DsPCGiDQNFhs/NMzgZds5Xd3255C98Hpk12UoKEbI5pb6mF8SNRlhsZLZZWijkjIZh069zXDj6k0uVbdS6UUz5+1HY0shOACTye1ccZM1Sud38bpd3icoP8AllpyD/vqQmt1uaS2OO8CWstw+qyxozCPZu2jPABJ/nW11FamDTex1OtxKrvcQgRWhfyoVkOGJ7/rj86Iz6PcU6b3Ww7xFLDN4WFuxXEzRx7ZAR0YE8fhXYmuXQwadz2O58DeGLvQ7NLyxgu47S3Co8rB9oAzy3UjPqala7l3OPu/g54K1HV7yCwN5pt1ZiN5EiYsmXztAD8fkePxqJ2WxcHc4T4mfBB9G09bnQb571o4nluBc7IlSNccgg+/epjqU7JHh2mO8Mz+RkyAdBnj1qKnK1qRIs+F7iS41uLa4Zo3MpJO0DHfniorNRpsqztZHQjVUvdaS/ihXy7PClVz98nOST/nisY03Gm433OnDQvOx2em+K7uwjtwElmhnbbHGWB5+prFTt7sXax7CwntFp0L8/j02beXPp5LgjGJRzn04rWNWWzZ5tXD8vU6vw78ULdNGaKTwok4jcu8s9wOTjPHydhiqnio02tTl9kup13h/wAV+B/Etomp6nHpcV7MSZInR5mXnAy2O4wfxquZyd5E2UVobGsanYX2myrpKLLbiLZ+4TBjkBOdqkdcEdK6ofCzKotUfOy6brE+tBYtPudRDTbDGc4IbP8AF+HUd65YpyY3ojTuPD+nt4eh1LUrPVBuungniUgOFCEjgKTy3f2rblirMqLkzTuvD+u+LtO02+0rRoLbSrFGW1tpQieYqsfNZlyCWJAzjjt1qJy5nY9DDuFPST3OT8Y+GNS0DUVjSJnJ2yq9qjMnIBwD7dPwrKUHGVjvVSFWncd5uo21rJd+HdLj067lIHmSuA5zgMuHwAP5+lXy3vzbGLxEKTXs17y3ZmxTeM7vUIre/uVaKRtrqJ4Bnrxwc9aPZwSuiZ5hVnFxb0O50nw94ruInN1qtlZmM7Nl3KoY49AFORxUqkmZ/XZrdnWeD9F1jTdVju59WurpgA8lva2zKkgz0LvtXHTnB710wp8u1zkrYh1b8yGeOUvNW1F3m2xRAKiQSXkQwSCevauXFu8tehlTicApgvbnzJYLZmQ7FQEE5zxz6dPzrgleOkRqPYv/ABjk3+L9V/2IbeP9M13r4jSWxW+FFhJPa6nMtxNCssrQERKMkbVzz1/AVu4qUbmF3FnssHw70yTSrcLc3OI/37O0a7nPXBJ7H+lcbnLmZvZKOhxmuaBPciF7V4WeOTzSJVPzZB44+tejKHuqKORS1uzP8dX2uvpmn2zzOLm5cxutsURWPZRnDNkds4PpVSbSEkmaHg5dR0vSpBdw3zTOyDzZY3LOVIIXPQjBao51qmWoW2Os8RStq1hqFos/m2V3ZtGAHYO79SpX0x7VcnoR11PBv+EFv4Deta6LfhI1Z8eSdyqMk/oK5mk0mzS17nG/CXTp7mfW9Qit5poLCxaaZkTdtXOcnPHRTRV1SQWujqfAFjp8ng271LXmvYbe61SKES26A5IjdyOfcjp7Vz4qVVL9yk35nbhJwpvmmdpBp3gK61aC3TW7hZrcECJ/lHqc5X+tePKpj4y1pKz/AK7nsQxdPkcYyR33hbw9opvVutD1OBpVeFnYqjlk3Z25/hzjGetdFKvWb96mcNZRetzlPiLbok7yWdzYSyTxvvSNfnO5jjjaQRx3PauyNRVJpODT720OWVHli3zIzvDQSKzaA4hb/WKFtvl68HhcdhXW0mrnNKL5rHo3h+6v00y1t/7JuGaOMt5kkDZf0xx3qo4hKNrB7Bybd7GDr2s65b3Sp/Z01kJpFUSGF1LHsueR35+lS6rkwVNLQ0/EEd/4g0n7PfaXfRPFNG6SwQuS2DlkCkZGehPSlKoreY4pp+R0MGkWOn6Xa3pFxDcJbyKsPm5EQkI3Lj8Tz1rK027o1VSKVipIum3VtHb3UIkhQBUDqcqBkDB68ZNaNVWrDVaG9yu+maEZoIRakxBHbaQXGfl5wc89eaSjWXREyqUpatkbaDo0Moms7KNZAc5a3UfrjNbR53pNIwk4fYkzYtRDBbF4oxHLuwWjXaegqLNS0NU046lmDXPIhcTReYwyN5XJx9abhJ6pkKpFdCddYsZApmsombAJLRA84+lZujJ7lKpEUappgKbbKBDuHSFR/Ss3Rki41Is+fPilKJfFevHPS5jj/wC+UFUviJkcVp18dItZLibWtUsFaY7YbXcu4kcEHG3t69qtyfwouNK65kXtO+Iurxs0kXiHWLtopFYWzSSfvIgecnOP/wBdKVNW0CMZ31RqWXjvUXtQja95Jb5Wiu4cMv8As7yPp0Naxb094wlG17xOfuPFWr28ttIl9M4t7jzYmeXzCgCNgqGzgEHr1rovdoiyR6P4e+LWr2ulWsV9pzXjbhcLK7hARy3ygLjoeeuAecVy1YJyuaQdupu2fxOtJrxWXQY4pQAUK36Fc9MYx7ZqHKaRXLFu5neIPi8tp4c1/dpKi4uLeS3EgvkO0upXIUDJ5Oap3dlYnRXdzwbwh4rm8P8Ag/xTpsMBP9twRWgm3Y2BWy3bnKnHtmtGrtE30PW/hnr1roXh7weuv2Qj0ddRur1rhgJBKfJZQNmO3HNZT1bsXHYh+DPiHS1+JOseIfEJEccscsiIId43yODjAHGFzRU0SQlqe3j4qeC0Ja2ndMn5glmRu/SsrGqiyVvi74PCkC4uM47WhosLkY4fF/wl5ZCXV3nbgD7M1AuRlG0+LeloiqdK1gGKHvEoBwPrQNxZgeL/AIkaB4h/sJ1TU4Y7XUElnGNuUAOQNrcnp+tXyNOxHQ62P4qaKQ7rDfKWOcNGDj8jUXSdmVytoxb7x/ot/F5d0J8bcHEJB/MHNbQnBIiUJs47WNSsGJbSfEOo27f8850Lr+Y5H60Oa+zIFF7SicvfX2pXsOJrqeby2+Uq56fhU8za1ZXKl0F0y1vL6QpHelJSQfLlnZDx6Z4NJpvqUml0N+78M65YHN5JMFbkNE5mH/jhNQot9SnNIxp9Lnn8s2l/c3CsxJKxyjb6/X6VUU+5MpLsZeuwvp+nl49YaafzVjMK+YrDIJOSTxjHT3rQmOvQ3fDOkXF54OfWRqYd4WYPbFzvwp5OS3PBz0rnqt3sjeFkc/45mMusatKf+Wl/Kfy4rSO5jLYzPEGrWsXh6xsL23huIlG/y3xnODyK6IWtqZQnJSbRxFxaaROokthfWchGdgUSqP1zVNG/PFq6My2N6b+G2tLmWQyyKi43DJJwMg0ezv0I9tbRMu6la6pFewf2hbzxFFORJGVYKhwx57CtXumQpamVLc3UE12jmRSBjaSeORWUldlOSNq38RxR4dZrmOXOcrnjv296nlJ5l0MrxHqcV/IotzIUZtx8zkg0JWJbMr7se0scDJH1qhFlp7iO0CfaJNpxhfMJA/DPFIDU8Ma9qmkpI1g0YjklRnaRQxBXOMZ+ppOzdmUrnWWvxZ8VwQsnnWEq9SZLNGPPuKh04s2TLVv8ZfE0K7Eh0cD/AK8gP60OlF6sEy9a/FbxFq9zFbtYaHK4JkDfZNpQgcsDu4IFL2UUPVnca58QLpby50aw1H7aBF5Vw7RR4AK42ghQc9ee1ZKOw5KyOfWJpIoLCMYV5VkJXknCHH0xk/nWkr81kZ2srnUQa9qCWE7Q21irWioiSiLbIq9B84OSeK5pu0rM3jTbimW7Tx3rtrbhJFtrhiMkzwFj+hFVZGdraDJPiDqLsBJpmlsoG3aYGx/6FVpCcblaXx3fkvJbWOnQOCImCQkhuN2eT71ok1qZOz0I/wDhO9amkETpYEkEjMJJ4H1olJR1Kp0ud2TMhPGl04L/ANnaYdzFz+5dST3PDUC07l7SfEV5I9zc2eladFNbwtPNMjTKzKPU78fpSdkPfQ4G5lku9SuJ7lmaW5kaXGSQo9OatrQE9TqfCnhW61qGWW1WE7G2DzJFUk4ycDqePwrjxFaNPc3gnIoeK0E92qxsN01w5yegLNiuiC1MZux6t4l+F+k33hm40zTrM/2xBErR3koIEjAjIZzxzzx29sVq1yx3NZxjCDcVr1/rszgJ/g5r0TNLHpIkz2jkVvbgZrBVW9DnUo9TkbnwX4j0jxnYIui3LyxOJ0tCjYfaSevfp1raFRRV2ZylF6G/fXviW28R2+q6h4Q1AmO0ltzGA2PnfOckH/JrdYhN3ISj8KZ5J4vuJL/xBqd49nNaNcSBjDIclWJHGcD0pOXM7muy0MXypIWZZ1dCOCpGDSET2P2ERyi5jnkmwTGytgA4PUfXFJ36AVmVgMkEZ7GmBJOQIIz5ZTJOSTnNJDY6yMe4EymPGTjbmh36AkjrdJi0tfCrzHUFGorOAkQYoTGQcnH+9t5qW23qg1T0GWcTurymcyqQAFPzbTTY+fodRplpdWU+tRQTM4ht3UbtrFvmxxSkkOlVb3H+DNLlvvEyWk21J5Y44mJx94gnJx9RUOOqRo5e7c7648L38V7Z20htjNMruBnKgIMc/maJU3dIzVRWLcNmbODW7RtrPAsZGxcDIYfpzXLVXLJI6qU24FP7YftXnGMZ27duarl0sZ82tzMu51luJZPLI3NnrVqNivapK1izbX1rbywoyW4LRk/NExJYY5JrZNJHIo66k8upEW9wll9miEiupKQPuJIxycdaaqJaaGnIn3OJ01Wl0+EsGMiqFfAzyOD/ACqWTZmjp91KkepQW7sqNCEnPqCc7P8AGnZNXCLaMy3XzS8r8sGZVPouelG2hTd3c9F8CalPpWj3H2aOEPLIcSPuYjHTC9PX61xYqlGdpVHouiNacpXtDc891JxKluZCCdjP175NdUdjGbudTc/EzXr/AE+0sp47eRISpkbaczlcEBvxAJxjJHNVzCnUlOPK9jBk1S7s5FTFwd+2VdrEKynkY6/5FZzWpUVoZN/4n1P+2I7mGS4hlgA2b3L4IJ5/WnG1jOUVsW7Xx74n+3gzeINX8jO0m3lcEgckhWIGfrRyxQuVHNa7rOoa5qEtzqNzPeshURvckFioPANaJKOxUIxvZ6G74X8YazoyXUdr9jZpcEJc2qTISP4cMODjvQ7SdyJQSfc0ZfiJLczPHfeF/C1yQcbjpwXP4qRRpa5EqdtivNqugazZ3QufCOh2kqRlg9vLNCQdyqOdxHc/lSu0XGDetzhbjw350N2lpKsn2VfMB6b8uFwMnrzmr5zTl3YyDwzcC9MMDHcV2hgMo3IBIPp1pcya1FGSUtzo9Q8KT6RaxTC7sblUiEWIoXVz84PORyalTUmW00hyRybbG3W3UFyiKydWOehHXNVe71MuXdnUi2uY7vWndZUEikbmA4Jc4GMc9qb12Yoe7F3RV8P3c1j4t1Oe2bEsHlbWdR8rBR26VnUbjZm8EnFI9VtbjUNb8VabbQ3H2e6EIXe6LkM2N+OOhHOO1Q6snq2RyrsYouGuJp3WVmuBxIznhsNjn1rixM2otmyi5RaRfvNWs9L0e7Zo0iZ4Gdyq/M46cMf5VthF7SCnPVmc4KLWpx+hTx6hC7MrA57n2J/pW8uxUd7kPiKGSG/t3t4xIYwzFO5GBnHvTjpET+IRilwxltpWEZ6dh/8AWPtSh8OoS0kYnnSWd1PaWu5ZncPHtJ2kNyzE9gDmrsnugu11NWzhEVndYdnwvLMckknJzTStoiW29ynYQ4tI/fLfmabBHfeFdNgn0uM3OsLpqs7KC8W4FicAcGuadSSnypXRvGmnHncl6dTzR/i1flwU8P6GWHQmIsR+tdN10Oj6quppaZ4/vfE1pe2Gq2llbROmIzaxsjCQ8qc57EdO9S7LWxzYmHskkupYbTmbSraK7uZY5oXMaShj91vm5weRnP0zWc5Xje2xhCWu+4uqeG4wGmsNZUxlVykz5fdgbj9M5qPaJO3KD11M+Hw+8csk1xqtqfLQtGFKlnP93Gf1rSMlLRokoz6YVmLP5a7RkvHhhznqOcdKduwldMVNLa1vrPN1Z7byMyq+4MqEZ+VucA8U3sNeaItQ0ea71dl01oJWmZQkMePndv7uTzzmlfVLuCszPEEtnZ3KzRoJVkiUBuMNlyQR+FTL40vU3ikqc/l+Zu+INHttL0S/MDyySfarZFMqjOWVpW6e9RzuVWK9SlBKlN+iOettaimtxCAY5Yw67j0Zi+c57cV0uLucEotS5iaC+uS0kU7uyk7gGJIqWktTpi+bQvafI02tacq2qvGs6M77sY57mnHUJrlWh19gn9oanFaXW23s7m4CvKGDEd+/0/WorTdKm3BXZNFKpJRk7Jm/aeBLCHVNRmtdZWWSedF8vavy8Bexrw/7UqybU6dkj2f7PhGMeWe5ctNGiHiZILbVkieGEs0srBTuBKkDoP16VusZL2XtHE56mGhGpy8xR1nTxomr2trb3hnMuDJ5ajGME4JBPp/KtKVZ1o3tY5sTCMFZO5wGn3d/qmuTpLA+63V1MQJ6DIyQa9JRUYWOaMXdM7HwrpQ/s1pog7AZyRGTjCnPT65pPU1TG3cSS6hG/mAKS2CUOOlVbTQlvUZDpUEk1zd219DHvPMPPzsO+Ox7e9JKysNu5kzaHPbTJdLPbXM7uFnmEgURhui4boo4H61T03FZtj7m2ntNGvml8sNjko4cE9uRkUQd9QkrCQxbbeIY6KBTYlsXY3byAnAVTnIpKF9QUtdTx1baNGyqc/Wub2ku59A4o6nwFps2panPZwKhVoWkeN+j4wB/OtaEpSlY8/MoR9knbW506aNDpMN6L4XEFtGqvIphDeWA4GR/eHJ4rapaKdzx6d27F+91L4e+WYY7/Upgy4JTTEi/IswNcKhJPRnW4S7HLX17p8OqRrpctxc6TgGSK9SMSbsE/Ky5xxW6TtqLll2JRrOmmWQ3Gm3MoCKFKzxgjgnrj0/lTs+jJcJPsYGu3FvIQ9jZ3dtKc5LMu0H1G2rjJ/aEqcluylaa7JYwo0yb7gkgFmKlMYORjvk0TSbsugRi2XtL8ThpvOv4rO4jRyu2XcgJZSB9zkkdalUdbo1u4wce5d1Lxd/blsAlrFDtnV5Mzfeby9gbLEdAO1KNJqakVKScHHuzmNL1k6Ir3NoYRNcwy2sglTzAEIwxAORnngjpWyk+ZpGLj3KVvemaWKJLgAHKgAkdR19qdu4JJHWeG7iGwlv/ALUgupZojDC4mcG3bIxIgH8WBjmoeujRpfW60NDStUtb7WIGe7I2NzvC7TwepOO+PTpVSh7lo6GSl73NJJnb6BqCPc3FwDbGW3u2Pm2/XaxPI+YjoAR9B71wTwrl7spNrzsd31lJJxik/mXLxJIbufV9G+1TaZ5hRLlsK5ycc/jkdK2WHi1ypaHNKrLmv1Keo+JLWcwyGdVuooChDygu7ZbkcdB/Sihh/ZSfa5NWXtEmUfB2ny3H2HW4dZsnub5njliictJFt6+Z7EcfiK7pVGmKME0dBpZltIJI9/koTIQocdD179McVzvVjurGVeXFsZIjDKZdjliI/mONvoKtKxEmXvCUJ1O4vrixg89YofMZfu4GcE8jr1pShdjiyjdoZNPZLO5ggcpuO/aRJlsjd3x7jpVaiujKgaVfD7afMAZgRkqdwZd3UHvxRFWCVuhelAVB14HpUsNRLd1O5T1px7Ddt2eQvCueQ5+rGuLmfQ+gcEavh7xXd+E53m01YnMgKmOQnbnj5sA9eK1pN31OetTjJWOn+IPxAa58L2enTQn7dqFnFPPLHwsYYk7QDzyAO/etpQ55Jvoeb7Llba7s8kN0RJkZdfRuP5Gr5UVZnceDPA3izxXYvdaB4ee5s1fYbh5BHHu7gM5AOO+OlO19iXZbs5/UvtWl6jc2GoWslre27mKWF2wUYcEGiw1BMpDUruYkeaUUcAL/AI0zOorGdPLLLKWkkdjk8k5pWLULHqHwj+H1h4y0rVbjVdaawtrZl3eWIywOCdzGR1AXGfXPPpTjqKWh5peoIbmWCGcywpIQsg4DgEgNj3HP40Mdjf8AAtnoF54wt7fxddva6QGfzHDlBwDhSwVioJ7gH8OtC3Ja00I9eGjQeJ9WTw08j6QJyLVpSSSn1IBIznGQDjGaH5FU4qWkiSxuVLMrHC4LEg89+n41NrvUqdK2xKlnmcJEpmIUMdjYPIJPem0+hkkorU0dNOoaSpe1iuU8xvmVJEJc89VJrOUJMu0WtvwOluPHkcngttDksL6CUOr+ckmNxVy+APXmqSkhOKued3F9Ety8sdxenzM7lZthye+R1+lNXe6Bx7Mbp2o3+nTCe1vri2dTnchxTcUWorqy5fazqCW6NKz7XO4GSMYb3HNHKjNtFkzeIJvKm0+G+lgWNMyW8ZIDbBnkD3/WiUop2bCFNy1SO+8LeMtQ0HSTaeIBfQXO5tqPbsjFeu0njOeaHEfJKWqHL470G4VQ+Y3OP9bDxx7jNMzcGilquuxxNa/2U1ldG4nEeCw/d56HA5xmhyshQpXep1uir4sPhrV3M+kJp0hBud0Tb0RQCzR8YzyOv4VnGfPFtG8oRhJJk95DZab4Lh1Qy7pyyAzEZV8sw4A+gpR5kiGoOXkeFPHGOSg+rHNcqk+h7TiihfPHhQm3jPStqafUxm0th3ieYy6nGCciO2gjH0Ea1vaxxX5v682ZIoA9M8IfGDWfDPhyHSbXTNFuhCGWK4u4Gd1VsnaQGCnBOeR7VUW0rIxkot3bOF1C+uNU1Se9vJWmu7iQySSFQNzE88dh7UalKpCJCimJWkAB+YcetMyqTUtioVO48d6Vh+18h5GEGQo+oosJ1GxWIZSxcZx60yXNsiaUFyzSEsTkmgXMyaI73QBerDHvQF2bdssEN1JLdOAjPzGOW68jFQ22tDqXLBrW5pwT2ks4k06OdAMhtxzj0pQU/tBVqQfwfiVbvWboTMqlFKErkDNWiJVGRzzzzWELhQVDnLIcHnjmguKur2KccDTB1RvmkXad/PfPFFxOnc7rwJ8M5/E+my3b6hDaiKUJtdA4cYyc4PHpisZ4hQdmjelhZVE2mdJrfwL1iPRZNTTULa6toomkPzbGRAT/AAnP6GtIy5oKaOepT9nN030Ol+HWnwWWmwQTzRgLL0Yg8YUf0rOcFN3YlUlBe6Wf2hbH+1YdB23KEwm4OYpOxK4+nFdDfcxpWjex4BHZeSMTWhnI7iTH6YrJu+zOi50cVmtiIbhbWSEoysCY1Iz1HOaTi2ieZJ3OiT4g2ieGb/S5k/e3UUiJIsbDAYAdj7UJNdCW03e5yF1rVrBpUcEf22SdQG2CVkTHPJBP8hVRpt7g5roceeTyST71HoepYifG40zN7kDsu873JPuc1oeU27ix4c4jUsfamIexKKSVQY7bxn+tACQ3DiRdqUALM8/lhOAuc8delADY1kYYKqx9W5oHYnu7YCGIhfqQMUBYZFbq8cjleEAz75OKQ0hVVR91AKB2NPQbR77VbeBAWJO7A9Byf5UA3Yh1AFb6cMRncScHIz3oGzY8GMZL+4tkJ3zQnYBySysG6fQGglo0ta8E+Ipr6e5s9Cvms5D5iMq5ABGeT2x70uZdymReF9ImuRd2l7byqFYYPmrHg9+SDnp2pSlY0hJrQ65fAdg5R0u7oP1b5lYfgcCs/aml3uexfCfStN0zQZoGuRbSG4LEqDlxtXJPXJ4qkud3Y1OSWj1O58UXcaeDNXWG6gmjFi42h/mByecfj+laQXLGyM6klJ3e54XpVztaLESnBz0HrWQuha8W6hZFLZtRlS0UBgpeTbuPU49a0auQtDyTxL4ptIJRHosZmAOGmnX5f+Ajr+Jo5Rt9Tm/7S1C/vLWe6drgRt5iRfdUYPoOBVKKRDvLQEjlEq7mMRWQsNw4TPJ/nTK9miWTJZmO6bIwWXBzRdlqFNbmdiue56RHtyxNMi2rKxsps5MbD8DWt0eVysQWxB6Z/GmKxZhhX+KPH1BpDL9vAU+YxYT+9jigZYmiidRhtpHqKQ2isFCHAZT9OaY1FmibLzNLaZxhV6cUrlchlW0ZzMg6NGcAeo5/pQpXBxsitTILWlXsthqMFzC5SSNuCOoBGD+hNDA6aTR/DdxPZwf29fR3MgEeBphdXctgbcOD3AqU32HJEtt4fstK8XtB/bls8Fq3MsqGLzuqsEBJ7gjOe2ad/IVvM7y1ishdvd2xWWZ1KFxJuyuMYxnGMVm2zaMUP+63MagDoNo4rJlWJo3iLDMSj/d4/lRdhY7Hw5NClkojubqFt5J2ycfkc1tCVkFi1rzzyaZdFL/zFMeAssSk9fUYq76CZ5RqGu3NverZ2b2rSlWLSbS2wgZxjOCeD34ohDmZjUqchy90txq2tIuoXTTiNcvLL0XIBwAOgzgYFU7RdkZ3cldnPODDJPJAoS4XIjGACrE9fqBmk9dCkuxTt7S6ZuSATz8xwaiVRR3N4UpS2L2mfvbq2he6WJJJQjttLeXkgE+/51d+pLk1oamsaHHHezRwarZyS20pjkiKPFLwcHCkYb14akpX1JbvscyaxPVY63UNcRr2LgfrVEPZne+RCvBCY96DjFks7Bxkxox75FHMxcqIHsLQjEcYX02mnzsXIivcWcskLRh1KnH8IHQ98dar2hPszJutNkwdqrj070+ZMXLYovZSx/ejOBQVY15YrIaWiJNexylB5iuAU3Y7D0qrKxN5Emm2tppV3Fd6jFDqNmAVa285oHbcNoYEA9Cc1Lj1Qc3QtQw+F9XTUYLDQdTsbq1tZbkyvqokjQRjJyDGCc8Ac9SKTbRFjkd1gT/q7tf+Bqf6VQaHW+D7W01DXdMleaSFLd/OMjIH2YHBKg5PzbeBU/Cimrq5leP7Key8X39lcqM2hS3TnIKKoCsD/tD5v+BU4bEMhS9tzbsradAspQqssZMbKePm47jB/M0Wfceh0Fn5kXgwarHf36XCXfkPiXcu3HHDZ9RSdr2BNofDq+swaKuoPeRTRbiu2WEc4PqDR7OLH7WSNHRvHOpERomnwTh/u7ZDGT+dCprZFe1drtFTxJ4y1e8iFumLOJ2KOsT7nP8AwL/AfjTUbCcuYhhthFFb3zE7Y4MLGvBfPDc9B9735q+e0kkYNJrUyEvhG9wygBndVwzYA28hc+vT8qnrc1srWRk3cd3MkglhDB23bo2z644/GgOVorW6zo21ZynHRuP0p2uLmaPQb240FrDRze+G7eRbmyR2ubaVreZZF+WTJGVbkZ5Hes7Su7Fpp7mJ4r1a2lE72KFfNkJ3Ny2SOefp/OnFdwbsc6ttK2MRv65IxWR6kpxjo2WY9PeHbI7cgghV9frVJnNKtpZGvDHezDIDEH1pMxRcisZxzKXH14pXK5TRhtyFAyT68UBYmWEkD/CgZItkn8S5+lFxWQ86erDheKXMDRFJpKspDEH8KfOxcpn3WhLKuNo9j3FNVO4uUhWxk03wx4muipEt9NBp8RxjK/66X/0FB+NU3dozaOJELK3IrQmxtaHqV5pUzSWLIjsuwlkDcde/vj8qTSe4K5ufEWNX120lI5m0yyfJ9fIUf0oiBzzNCOVhxwRjdkdMf4n8faqEbOl39vceFtS0gh0kEi3QlxlFA2jae+TUvdMDa1awEHwj0+XhmlLHOOvzmtLaXIVnKxS8J2Emp+L7CzjKJuTzGkf7saKhZmPsACazjK2pcloZ3iaHTxqlzHpeotPBHIMSzwmHcSDnjJwM9M+lN3uOKVifX71oPDcCWh3SbI43KjOOXZj/AOgipT9+5Li0jjftEksPlSEMm/f05Jxjr+FVbW4lqSwNJFgwuw9s0FXsezaR4is7HwppqS6Bp+oW8mlNdTrLENzzRSlJMtg87Np6Vk9yr3OV8aa/omo6VZL4c0qTTFTzFdGk3KCxBIXnp+XWqjFp3YdDlr1bGa4sRZwzJAiCJxMwJaXaSzYHQZ6D2qlfZiTSaZ1n/CG3sjyPc3YiLqBiPkfrWPNY35b9TVsfDcFsQ3lh5Om5juP61N2VZI1G0wAD5lX2osAosgBgMCv06UwIZbRHAAKYHoMUwEWyfICZx2oFYtJalVGUye/NAx7R7gAQB6YGaVriGpaqTg5yKLASiwDAANn0G2lYdyTxToMdxpmlWrnYYka5cj+9Ie4PH3FTrTg7XZDXMzlLnwnZsfkkAPuv+BFac7BwIbrwNJDBbyJPGfOG4LkjA/I0Kpd2JsTeO9AvpJdEaGFnI0u2hZhjAZQwwTn2pqSRDXQwE8Jyxu66lcpCVO0xxHccj1P+FPnQcheisRDpNxawunkoQ3CAd+cnqeg61LaumJxsdJ4vVY/hdoVsuCWQEenUmul/CjJfEyl4IVLObW9UmbYlrohTcegaVkQfjgtXMnrbzNXdo89vJDLLMY9oSRs8jk88Vo9XcFHQuXurSXMcAeARtEoXfCxQsAoUZ/AfrUqNncevQoy3MAdGuIDcx8FyFEcnuAw4J98U0mJy7o7nVvCvhPzbVLLxBNo093bx3UNvrEW6NkcZGJ4xj25UdKlSbCyOk0HwjrFnpVkk8EV5aR3M8X2ixmW4jaCeEhmBU9AwB5x1rOb1KSPLNTsri2vZLSaJvNtFxIowcMBk9K2umriZnyv/AKKzqMbCkmP0ND3JPdmTH3ic981zN3O1CAhRgDg0CdiGRZXJIIPfHQ07isMFs2ctxnvRcCaGDfz97HduaZJP9nLcn/P4UwEWIbiHGMe1IBktshBIH5Gi4FWSORH5YBuw60XAmtDczTpbrGN8rqikHkEkAfzo0Al8QXP2nWLtlbMKyGOMdtq/KP0FTFaBFpGcI2dwqLy52jHqeKdmi20zV1uRE1AxqR5UAEK/8B60R7mRH4ju0NjpR+bbLaAEqcH5ZH/wFPqJbnJyXFqgYLjPU5qwaGWTxSW2ohAOIg364/rSluhGl4zBPhDw6iYP7sYA+ldMvgRjHWbKlrbmT4easYQzSXd1aWrBeoWNGkYYPuVrm2lqaXRxM+j3MIy64+vH/wBb9a0Uh77GfLE6NhgV9jVCEC4PSgVjrPFMcV/4I8J3zqGMKT6e5P8AsPuX/wAdes46TaG0rGLo0z2NjqEFj5qrcooYIxyCp3ArjvwfwzVSSerElYhSGbT/ABdFaXEgZH2qzB9wcSx8Nnvw4pS+FiT1MgA/v7dwd3luuPcc/wA1qnsmSlqe+Qatpt4v7m5ibPbOD+tc7i1ujr5k9iRhD1XJz3JosDIm25A5GT+FOyFdoN6RLlmwPeiwalWe9iGRHG2QepOBTsNsiS/bIBLEfmKBXLMN4X4PXpkUrAWPNUjIYBh04pNAN6vl2FN+YXNPRFWO6a4wAbeNpRz/ABYwv6kUpbCZntarxk8Ac5podiFA0F1FOsayeU4dQ33Tg9MjmhgYdxBcOzNPLJI5JJLcL19qYkrEuvxl9B0XG4FUmjOw/wDTQn+tLqJLVnHTwso+U/N3zVXCxb8NxnztRQgAPZSc59CpqZCdlqdH42tVk8PeH7eS7t7ZVt1zJK+FPyjoR1Ndkl7qOaL1JBBDa+DdCQ6xYu7T3N0odiouPuxgA+o2n86xjpNsqV7WOY8K2Kr4hnnu5Gie3jluPL2bgflbH1HIPvTnorhG+xQ1OKyt9TmSK/kUK3lyQi3YgYwCAenbrUwfumjbuY6lmY74Vx2Knafy5FVew0jrdPh/tH4canaxo7yWWowXKrjkLIrRt091Ws27TTDoZ2iL9j8QWMLKAvnKknHZxtI59j+tEndDZU8SWjRy6XcgHzI4RCT33QuV/kFojLdE8pl67bNbeILtoRjc5dcjIIcZ/wDZqcHeImtT/9k=',	'0',	0,	'sales',	'690988',	1,	'2018-08-12 03:45:11',	'2018-08-14 14:15:29'),
(35,	'-',	'Jumadi ',	NULL,	'jumadi@gmail.com',	'$2y$10$HX6PElI3ODVNt40WvTtfyeB9UgdUVnSOf35bPXLpVLQuoa9DqWjKa',	'08912983908098',	NULL,	'0',	0,	'sales',	'275811',	1,	'2018-08-12 03:46:07',	'2018-08-12 03:46:07'),
(36,	'-',	'Bagas',	NULL,	'bagas@gmail.com',	'$2y$10$tdE8IYYNodl1hG5V8Zieo.NHsmeRwMzWYkZlkAkWsfyDw/uA4QNUK',	'1032032493249',	NULL,	'0',	0,	'sales',	'622470',	1,	'2018-08-12 03:53:34',	'2018-08-12 03:53:34'),
(37,	'-',	'didin angkasa',	NULL,	'didin@gmail.com',	'$2y$10$IQkg21ygpmG8kDwDNOGf3u5ajOSJ.TrqD8NhiwcDZkxzri2e4X6Li',	'019823098120938',	NULL,	'0',	0,	'sales',	'277803',	1,	'2018-08-12 04:21:25',	'2018-08-12 04:21:25'),
(38,	'-',	'Berry Iskak',	NULL,	'berry@yahoo.com',	'$2y$10$40TY/aJ1O29diQ3KXvJX9OX9tGr9mtpNvUe98q1ejLuyDMCElZ.46',	'0898899899',	NULL,	'0',	0,	'dealer',	'851722',	1,	'2018-08-12 04:49:43',	'2018-08-12 04:49:43'),
(39,	'-',	'Fahri',	NULL,	'fahri@gmail.com',	'$2y$10$Ql93QOevXQaoJIwREgsTcOj/5DdVgVWNyHbflbR6LxsG2vbd/tEpy',	'089128238238',	NULL,	'0',	0,	'sales',	'743242',	1,	'2018-08-12 05:18:34',	'2018-08-12 05:18:34'),
(40,	'-',	'Arya Yudha',	NULL,	'dyadha@gmail.com',	'$2y$10$4ZgjtL1TN0bwcxfBfsRbTe9ixhpkG/ZSC1Z4cH6U5diPPSJliwnfC',	'08999903041',	NULL,	'0',	0,	'customer',	'479997',	1,	'2018-08-12 05:30:36',	'2018-08-12 05:30:36'),
(41,	'-',	'laurentius ',	NULL,	'laurentius@gmail.com',	'$2y$10$CSAlr6f/VmS0wqxJQLueL.YupaGdzTxNHY5/kzwBUHGI/yczUtFiO',	'08129382039',	NULL,	'0',	0,	'sales',	'448069',	1,	'2018-08-13 00:39:29',	'2018-08-13 00:39:29'),
(42,	'-',	'Dominic Torreto',	NULL,	'dominic@gmail.com',	'$2y$10$Cwrm.7GiXw/fAgszQVpRmeqC4WAvSaKQqcry8m2DF7q9m/cgymbla',	'0182309128039',	NULL,	'0',	0,	'sales',	'104646',	1,	'2018-08-13 00:41:57',	'2018-08-13 00:41:57'),
(44,	'-',	'Arya Yudha',	0,	'dasatra.hiphop@gmail.com',	'$2y$10$rrKbYcGIiuDa17lUa8hhBOozwR69JlAhGqVPu3m2Jo1qvGHjExfuu',	'085775808780',	NULL,	'0',	0,	'customer',	'845526',	1,	'2018-08-14 23:17:58',	'2018-08-14 23:17:58'),
(45,	'-',	'Valetinus Fakdawer',	2147483647,	'valentinus@gmail.com',	'$2y$10$5v57FFDw5EX5d93ZXuRwdeE56w9wiQRXUX17iOSvyJOxg4aOpah3m',	'019283901280938',	NULL,	'0',	0,	'sales',	'514661',	1,	'2018-08-15 01:01:29',	'2018-08-15 01:01:29'),
(46,	'-',	'marzuki ali',	2147483647,	'marzuki@gmail.com',	'$2y$10$dndJdoKEVTZfMezdhx2BJulcfZG/IEmweg5uwrBJeffU3kniRAd8i',	'0891289038390',	NULL,	'0',	0,	'sales',	'158445',	1,	'2018-08-19 01:11:33',	'2018-08-19 01:11:33'),
(47,	'-',	'Harry',	0,	'harry@gmail.com',	'$2y$10$cgfp8mT2PoInyMRgd3OeF.y2y7VC2v9vQv7dw5Lqgn1GUPZ7s92iW',	'0891029321',	NULL,	'0',	0,	'customer',	'447427',	1,	'2018-08-19 09:05:40',	'2018-08-19 09:05:40'),
(48,	'-',	'Moussa Dembele',	0,	'dembele@gmail.com',	'$2y$10$PWxXxdjSn0Ejs3Vg5VWLou44YXdGy9XyDll99P8rBgek/hXiNoYz6',	'081230091823',	NULL,	'0',	0,	'customer',	'114850',	1,	'2018-08-19 09:06:13',	'2018-08-19 09:06:13'),
(49,	'-',	'Eric Dire',	0,	'eric@gmail.com',	'$2y$10$8jphx8R2IqGJkGVAGJHgxesL4BTqwnFkxJHNZm1La6ve43H9qmaeO',	'0980912839080',	NULL,	'0',	0,	'customer',	'978421',	1,	'2018-08-19 09:07:11',	'2018-08-19 09:07:11'),
(50,	'-',	'Bawono',	0,	'fbawono@gmail.com',	'$2y$10$8qbbD3LzRgjUoDG1MAYz5eikB.7o/hGCmIUfkm6kLjtHcCN/zgHP6',	'08179881010',	NULL,	'0',	0,	'customer',	'532485',	1,	'2018-08-19 12:10:32',	'2018-08-19 12:10:32'),
(51,	'-',	'Guntur Hutagaol',	0,	'guntur@gmail.com',	'$2y$10$zyy2Em7PpzmXDJ.50N2uSOCzQWVqO4k03JfWu1b7vytDm6veWJPne',	'08999903041',	NULL,	'0',	0,	'customer',	'642756',	1,	'2018-08-19 12:47:31',	'2018-08-19 12:47:31'),
(52,	'-',	'Lukman Sardi',	0,	'lukman@gmail.com',	'$2y$10$TnajlJHWDKz05a3qFdK6CuQNf1lH4xFfpAASfHSzp5iJa5.Appcki',	'08999903041',	NULL,	'0',	0,	'customer',	'135145',	1,	'2018-08-19 12:50:13',	'2018-08-19 12:50:13'),
(53,	'-',	'Surya Hadi',	0,	'shadi@honda.co.id',	'$2y$10$1.OheKVxVQV/TPupvhI1ieOwV3o.cMvdo3PozyPpOCKNiPgQ8uLvO',	'08123455667',	NULL,	'0',	0,	'dealer',	'880053',	1,	'2018-08-19 13:13:22',	'2018-08-19 13:13:22');

DROP TABLE IF EXISTS `user_sales`;
CREATE TABLE `user_sales` (
  `id` int(11) NOT NULL AUTO_INCREMENT,
  `user_id` int(11) NOT NULL,
  `dealer_id` int(11) NOT NULL,
  `is_active` int(11) NOT NULL,
  `created_at` datetime NOT NULL DEFAULT CURRENT_TIMESTAMP,
  `updated_at` timestamp NOT NULL DEFAULT CURRENT_TIMESTAMP ON UPDATE CURRENT_TIMESTAMP,
  `deleted_at` datetime DEFAULT NULL,
  PRIMARY KEY (`id`)
) ENGINE=InnoDB DEFAULT CHARSET=latin1;

INSERT INTO `user_sales` (`id`, `user_id`, `dealer_id`, `is_active`, `created_at`, `updated_at`, `deleted_at`) VALUES
(1,	6,	9,	1,	'2018-08-08 17:45:24',	'2018-08-11 07:21:03',	NULL),
(2,	15,	9,	1,	'2018-08-10 00:27:24',	'2018-08-11 07:21:06',	NULL),
(3,	16,	4,	0,	'2018-08-10 00:47:51',	'2018-08-10 00:47:51',	NULL),
(4,	17,	4,	1,	'2018-08-10 00:56:33',	'2018-08-10 15:39:45',	NULL),
(5,	31,	10,	1,	'2018-08-11 07:35:43',	'2018-08-11 15:19:59',	NULL),
(6,	32,	10,	1,	'2018-08-11 07:42:16',	'2018-08-11 15:19:48',	NULL),
(7,	33,	10,	1,	'2018-08-12 03:40:59',	'2018-08-12 03:41:33',	NULL),
(8,	34,	10,	1,	'2018-08-12 03:45:11',	'2018-08-12 03:46:59',	NULL),
(9,	35,	10,	1,	'2018-08-12 03:46:07',	'2018-08-12 03:48:07',	NULL),
(10,	36,	10,	1,	'2018-08-12 03:53:34',	'2018-08-12 03:58:22',	NULL),
(11,	37,	10,	1,	'2018-08-12 04:21:25',	'2018-08-12 04:22:21',	NULL),
(12,	39,	10,	1,	'2018-08-12 05:18:34',	'2018-08-12 05:23:52',	NULL),
(13,	41,	2,	0,	'2018-08-13 00:39:29',	'2018-08-13 00:39:29',	NULL),
(14,	42,	10,	1,	'2018-08-13 00:41:57',	'2018-08-13 11:19:02',	NULL),
(15,	45,	10,	0,	'2018-08-15 01:01:29',	'2018-08-15 01:01:29',	NULL),
(16,	46,	10,	0,	'2018-08-19 01:11:33',	'2018-08-19 01:11:33',	NULL);

DROP TABLE IF EXISTS `vehicles`;
CREATE TABLE `vehicles` (
  `id` int(10) unsigned NOT NULL AUTO_INCREMENT,
  `vehicle_type_id` int(11) NOT NULL,
  `vehicle_brand_id` int(11) NOT NULL,
  `name` varchar(255) COLLATE utf8mb4_unicode_ci NOT NULL,
  `harga` int(20) NOT NULL,
  `fuel` enum('Bensin','Solar','Diesel') COLLATE utf8mb4_unicode_ci NOT NULL,
  `fuel_consumption` varchar(255) COLLATE utf8mb4_unicode_ci NOT NULL,
  `engine` varchar(255) COLLATE utf8mb4_unicode_ci NOT NULL,
  `hp` varchar(255) COLLATE utf8mb4_unicode_ci NOT NULL,
  `torque` varchar(255) COLLATE utf8mb4_unicode_ci NOT NULL,
  `transmition` varchar(255) COLLATE utf8mb4_unicode_ci NOT NULL,
  `gear_box` varchar(255) COLLATE utf8mb4_unicode_ci NOT NULL,
  `wd_type` enum('Roda depan','Roda Belakang','4WD') COLLATE utf8mb4_unicode_ci NOT NULL,
  `cylinder` varchar(255) COLLATE utf8mb4_unicode_ci NOT NULL,
  `seat` varchar(255) COLLATE utf8mb4_unicode_ci NOT NULL,
  `door` enum('2','3','4','5','6','7','8') COLLATE utf8mb4_unicode_ci DEFAULT NULL,
  `dimension` varchar(255) COLLATE utf8mb4_unicode_ci NOT NULL,
  `fuel_tank` varchar(255) COLLATE utf8mb4_unicode_ci NOT NULL,
  `velg` varchar(255) COLLATE utf8mb4_unicode_ci NOT NULL,
  `front_brake` tinyint(1) NOT NULL,
  `rear_brake` tinyint(1) NOT NULL,
  `net_weight` varchar(255) COLLATE utf8mb4_unicode_ci NOT NULL,
  `photo` varchar(255) COLLATE utf8mb4_unicode_ci NOT NULL,
  `search` int(11) NOT NULL,
  `created_at` timestamp NULL DEFAULT NULL,
  `updated_at` timestamp NULL DEFAULT NULL,
  PRIMARY KEY (`id`)
) ENGINE=InnoDB DEFAULT CHARSET=utf8mb4 COLLATE=utf8mb4_unicode_ci;

INSERT INTO `vehicles` (`id`, `vehicle_type_id`, `vehicle_brand_id`, `name`, `harga`, `fuel`, `fuel_consumption`, `engine`, `hp`, `torque`, `transmition`, `gear_box`, `wd_type`, `cylinder`, `seat`, `door`, `dimension`, `fuel_tank`, `velg`, `front_brake`, `rear_brake`, `net_weight`, `photo`, `search`, `created_at`, `updated_at`) VALUES
(1,	2,	2,	'BMW Coupe I5',	1000000,	'Bensin',	'1/L',	'2500 CC',	'250',	'90',	'6',	'M/T',	'Roda depan',	'6',	'4',	'4',	'1x1x1',	'50',	'19',	1,	1,	'8 Ton',	'http://bursaotomotif-beta.com/photo/bmw.jpg',	0,	'2018-07-29 01:57:23',	'2018-07-29 01:57:23'),
(2,	3,	1,	'Honda Civic',	500000000,	'Bensin',	'1/L',	'2500 CC',	'250',	'90',	'6',	'M/T',	'4WD',	'6',	'4',	'4',	'1x1x1',	'50',	'19',	1,	1,	'8 Ton',	'http://bursaotomotif-beta.com/photo/civic.png',	0,	'2018-07-29 01:57:23',	'2018-07-29 01:57:23'),
(3,	4,	3,	'Xpander GLX M/T',	185050000,	'Bensin',	'16',	'2000 CC',	'258',	'76',	'6',	'M/T',	'Roda depan',	'4',	'7',	'4',	'35x40x5',	'50',	'19',	1,	1,	'3 ton',	'http://bursaotomotif-beta.com/photo/xpander.jpg',	0,	'2018-07-29 01:57:23',	'2018-07-29 01:57:23'),
(4,	3,	4,	'Daihatsu Ayla 1.0 Airbag X A/T',	120050000,	'Bensin',	'20',	'1000 CC',	'150',	'500',	'6',	'A/T',	'Roda depan',	'3',	'4',	'4',	'35x40x5',	'50',	'17',	1,	0,	'2 Ton',	'http://bursaotomotif-beta.com/photo/ayla.jpg',	0,	'2018-07-29 01:57:23',	'2018-07-29 01:57:23'),
(5,	4,	5,	'Nissan March 1.2L Mid A/T',	161150000,	'Bensin',	'20',	'1000 CC',	'150',	'500',	'6',	'A/T',	'Roda depan',	'3',	'4',	'4',	'35x40x5',	'50',	'17',	1,	1,	'2 Ton',	'http://bursaotomotif-beta.com/photo/march.png',	0,	'2018-07-29 02:05:53',	'2018-07-29 02:05:53'),
(6,	7,	7,	'All new Supra X 125 ',	165000000,	'Bensin',	'50',	'125 CC',	'12',	'14',	'4',	'M/T',	'Roda Belakang',	'1',	'1',	NULL,	'35x40x5',	'3.5',	'17',	1,	1,	'135kg',	'http://bursaotomotif-beta.com/photo/honda-supra-x-125-fi-76308.jpg',	0,	'2018-07-29 02:05:53',	'2018-07-29 02:05:53'),
(7,	8,	7,	'Honda Beat',	175000000,	'Bensin',	'45',	'115 CC',	'11',	'14',	'Auto',	'A/T',	'Roda Belakang',	'1',	'1',	NULL,	'35x40x5',	'3.5',	'14',	1,	1,	'125kg',	'http://bursaotomotif-beta.com/photo/Honda_Beat.jpg',	0,	'2018-07-29 02:05:53',	'2018-07-29 02:05:53'),
(8,	9,	9,	'Yamaha R25',	575000000,	'Bensin',	'30',	'250 CC',	'33',	'18',	'6',	'M/T',	'Roda Belakang',	'2',	'1',	NULL,	'35x40x5',	'13',	'17',	1,	1,	'150 kg',	'http://bursaotomotif-beta.com/photo/r25yamaha.png',	0,	'2018-07-29 02:05:53',	'2018-07-29 02:05:53'),
(9,	9,	9,	'Yamaha Nmax 155',	26000000,	'Bensin',	'40',	'155 CC',	'18',	'32',	'Auto',	'A/T',	'Roda Belakang',	'1',	'1',	NULL,	'35x40x5',	'5',	'13',	1,	1,	'150 kg',	'http://bursaotomotif-beta.com/photo/2018-yamaha-nmax-155-eu-milky-white-studio-002.jpg',	0,	'2018-07-29 02:05:53',	'2018-07-29 02:05:53'),
(10,	3,	1,	'Honda Jazz A/T',	2020000000,	'Bensin',	'20',	'1500 CC',	'150',	'500',	'6',	'A/T',	'Roda depan',	'4',	'4',	'4',	'35x40x5',	'50',	'17',	1,	1,	'2 Ton',	'http://bursaotomotif-beta.com/photo/jazz.jpg',	0,	'2018-07-29 02:05:53',	'2018-07-29 02:05:53');

DROP TABLE IF EXISTS `vehicle_brands`;
CREATE TABLE `vehicle_brands` (
  `id` int(10) unsigned NOT NULL AUTO_INCREMENT,
  `name` varchar(255) COLLATE utf8mb4_unicode_ci NOT NULL,
  `type` enum('mobil','motor') COLLATE utf8mb4_unicode_ci NOT NULL,
  `created_at` timestamp NULL DEFAULT NULL,
  `updated_at` timestamp NULL DEFAULT NULL,
  PRIMARY KEY (`id`)
) ENGINE=InnoDB DEFAULT CHARSET=utf8mb4 COLLATE=utf8mb4_unicode_ci;

INSERT INTO `vehicle_brands` (`id`, `name`, `type`, `created_at`, `updated_at`) VALUES
(1,	'Honda',	'mobil',	NULL,	NULL),
(2,	'BMW',	'mobil',	NULL,	NULL),
(3,	'Mitsubishi',	'mobil',	'2018-07-29 01:54:24',	'2018-07-29 01:54:24'),
(4,	'Daihatsu',	'mobil',	NULL,	NULL),
(5,	'Nissan',	'mobil',	NULL,	NULL),
(6,	'Kawasaki',	'motor',	NULL,	NULL),
(7,	'Honda Motor',	'motor',	NULL,	NULL),
(8,	'Suzuki',	'mobil',	NULL,	NULL),
(9,	'Yamaha',	'motor',	NULL,	NULL);

DROP TABLE IF EXISTS `vehicle_types`;
CREATE TABLE `vehicle_types` (
  `id` int(10) unsigned NOT NULL AUTO_INCREMENT,
  `name` varchar(255) COLLATE utf8mb4_unicode_ci NOT NULL,
  `created_at` timestamp NULL DEFAULT NULL,
  `updated_at` timestamp NULL DEFAULT NULL,
  PRIMARY KEY (`id`)
) ENGINE=InnoDB DEFAULT CHARSET=utf8mb4 COLLATE=utf8mb4_unicode_ci;

INSERT INTO `vehicle_types` (`id`, `name`, `created_at`, `updated_at`) VALUES
(1,	'Convertible',	NULL,	NULL),
(2,	'Coupe',	NULL,	NULL),
(3,	'Hatchback',	NULL,	NULL),
(4,	'MPV',	NULL,	NULL),
(5,	'SUV',	NULL,	NULL),
(6,	'Sedan',	NULL,	NULL),
(7,	'Motor Bebek',	NULL,	NULL),
(8,	'Motor Matic',	NULL,	NULL),
(9,	'Motor Sport',	NULL,	NULL);

-- 2018-08-26 14:11:12
